LGA,region_id,2006_Non-Indigenous_ppt,2007_Non-Indigenous_ppt,2008_Non-Indigenous_ppt,2009_Non-Indigenous_ppt,2010_Non-Indigenous_ppt,2011_Total_Non_Indig_Males_ppt,2012_Non-Indigenous_ppt,2013_Non-Indigenous_ppt,2014_Non-Indigenous_ppt,2015_Non-Indigenous_ppt,2016_Non-Indigenous_ppt,2006_Total_Indig_Males_ppt,2007_Total_Indig_Males_ppt,2008_Total_Indig_Males_ppt,2009_Total_Indig_Males_ppt,2010_Total_Indig_Males_ppt,2011_Total_Indig_Males_ppt,2012_Total_Indig_Males_ppt,2013_Total_Indig_Males_ppt,2014_Total_Indig_Males_ppt,2015_Total_Indig_Males_ppt,2016_Indigenous_ppt
Albury (C),LGA10050,0.9769,0.976456888,0.976013977,0.975571266,0.975128757,0.975127551,0.973856782,0.972587669,0.97132021,0.970054403,0.970044475,0.0231,0.023701717,0.024319107,0.02495258,0.025602553,0.025506867,0.026619032,0.027779689,0.028990955,0.030255034,0.029955525
Armidale Regional (A),LGA10130,0.9486,0.943704215,0.938833698,0.933988317,0.929167944,0.92901686,0.926547216,0.924084137,0.921627606,0.919177605,0.919138284,0.0514,0.057651682,0.064663745,0.07252867,0.081350192,0.076406729,0.077520476,0.078650457,0.07979691,0.080960074,0.080861716
Ballina (A),LGA10250,0.9947,0.988373205,0.982086651,0.975840084,0.969633247,0.96939282,0.968221398,0.967051392,0.9658828,0.964715619,0.964707133,0.0053,0.011868389,0.026577107,0.059514615,0.133272194,0.031573558,0.032503385,0.033460595,0.034445995,0.035460414,0.035292867
Bathurst Regional (A),LGA10470,0.9399,0.943326152,0.946764793,0.950215968,0.953679724,0.953604607,0.949891521,0.946192894,0.942508668,0.938838787,0.938752265,0.0601,0.057238163,0.054512601,0.051916824,0.049444653,0.048652652,0.051801423,0.05515398,0.058723513,0.062524064,0.061247735
Bega Valley (A),LGA10550,0.9581,0.961229897,0.964370018,0.967520398,0.970681069,0.970619587,0.969435905,0.968253667,0.967072871,0.965893515,0.965884861,0.0419,0.038992438,0.03628664,0.033768605,0.031425303,0.030269751,0.031231098,0.032222977,0.033246357,0.034302239,0.034115139
Bellingen (A),LGA10600,0.9973,0.989806178,0.982368665,0.974987038,0.967660878,0.967324711,0.966047136,0.964771248,0.963497046,0.962224526,0.962214411,0.0027,0.010469757,0.04059845,0.157428118,0.610457102,0.033779029,0.034780669,0.03581201,0.036873934,0.037967346,0.037785589
Berrigan (A),LGA10650,0.9725,0.974155793,0.975814406,0.977475842,0.979140108,0.979123173,0.977911934,0.976702193,0.975493948,0.974287198,0.974278215,0.0275,0.02595549,0.024497727,0.023121837,0.021823222,0.021321962,0.022421917,0.023578618,0.02479499,0.026074112,0.025721785
Bland (A),LGA10800,0.9848,0.977941085,0.971129941,0.964366236,0.957649638,0.957364341,0.956078184,0.954793755,0.953511052,0.952230072,0.952219714,0.0152,0.022533603,0.033405479,0.04952275,0.073416184,0.044534413,0.045345881,0.046172135,0.047013445,0.047870084,0.047780286
Blayney (A),LGA10850,0.9726,0.971397622,0.97019673,0.968997323,0.967799399,0.967790488,0.96443488,0.961090908,0.95775853,0.954437706,0.954368058,0.0274,0.028870373,0.030419652,0.032052069,0.033772088,0.033281493,0.036369105,0.039743163,0.043430242,0.047459381,0.045631942
Blue Mountains (C),LGA10900,0.972,0.974242065,0.976489302,0.978741723,0.980999339,0.980968261,0.979394848,0.977823959,0.97625559,0.974689736,0.97467461,0.028,0.025850243,0.023865538,0.022033213,0.020341569,0.019400973,0.020882077,0.022476252,0.024192128,0.026038997,0.02532539
Botany Bay (C),LGA11100,0.9839,0.983911239,0.983922477,0.983933716,0.983944955,0.983944954,0.983548029,0.983151264,0.982754659,0.982358214,0.982357254,0.0161,0.016154254,0.016208691,0.016263311,0.016318116,0.016317016,0.016648449,0.016986613,0.017331647,0.017683688,0.017642746
Broken Hill (C),LGA11250,0.7071,0.760824588,0.818631103,0.880829687,0.947754042,0.92199835,0.918349461,0.914715012,0.911094947,0.907489208,0.907402792,0.2929,0.24082516,0.198008732,0.162804659,0.133859535,0.084600639,0.086599781,0.088646164,0.090740903,0.092885142,0.092597208
Burwood (A),LGA11300,0.3931,0.543873033,0.752474881,1.041085717,1.440392892,0.99619213,0.996123871,0.996055616,0.995987366,0.99591912,0.995919092,0.6069,0.456130606,0.342816164,0.257651911,0.193644624,0.003822425,0.003887046,0.003952759,0.004019583,0.004087537,0.004080908
Byron (A),LGA11350,0.9323,0.944628931,0.957120902,0.96977807,0.982602619,0.981615724,0.981099743,0.980584033,0.980068594,0.979553427,0.9795518,0.0677,0.055457147,0.045428289,0.037213047,0.030483448,0.018728588,0.019158491,0.019598262,0.020048128,0.02050832,0.0204482
Cabonne (A),LGA11400,0.9956,0.988854979,0.982155655,0.975501717,0.968892859,0.968619917,0.966021493,0.963430039,0.960845538,0.95826797,0.958226221,0.0044,0.011399174,0.029532081,0.076509391,0.198214506,0.032396694,0.034740965,0.037254871,0.039950687,0.042841576,0.041773779
Camden (A),LGA11450,0.983,0.981929067,0.9808593,0.979790699,0.978723262,0.978716267,0.977417708,0.976120873,0.974825758,0.973532361,0.973522033,0.017,0.018186645,0.019456122,0.020814211,0.022267099,0.021746582,0.022929428,0.024176612,0.025491633,0.026878182,0.026477967
Campbelltown (C) (NSW),LGA11500,0.9753,0.973415959,0.971535558,0.96965879,0.967785647,0.967763838,0.966312809,0.964863957,0.963417277,0.961972766,0.961959725,0.0247,0.026852487,0.029192553,0.031736544,0.034502232,0.033309947,0.034492529,0.035717096,0.036985137,0.038298197,0.038040275
Canada Bay (A),LGA11520,0.9856,0.988253995,0.990915137,0.993583444,0.996258937,0.99621598,0.995899012,0.995582144,0.995265377,0.994948711,0.994948106,0.0144,0.011749598,0.009587018,0.007822473,0.006382702,0.003798393,0.004111768,0.004450998,0.004818214,0.005215727,0.005051894
Cessnock (C),LGA11720,0.9384,0.940915225,0.943437191,0.945965917,0.948501421,0.948460899,0.940530914,0.932667231,0.924869295,0.917136557,0.916740959,0.0616,0.05978493,0.058023343,0.056313661,0.054654356,0.054339722,0.061569552,0.069761301,0.079042952,0.089559514,0.083259041
Clarence Valley (A),LGA11730,0.642,0.716579857,0.799823508,0.892737406,0.996444927,0.940319429,0.938098924,0.935883663,0.933673632,0.931468821,0.931437409,0.358,0.2843671,0.225878904,0.179420472,0.14251754,0.063468401,0.064741949,0.066041051,0.067366221,0.068717981,0.068562591
Cobar (A),LGA11750,0.9634,0.937103887,0.911525529,0.886645336,0.86244425,0.858215548,0.855218377,0.852231672,0.849255399,0.84628952,0.846226863,0.0366,0.06875211,0.129148979,0.242602865,0.455722921,0.165208441,0.162349615,0.159540259,0.156779517,0.154066548,0.153773137
Coffs Harbour (C),LGA11800,0.9487,0.951012786,0.95333121,0.955655285,0.957985027,0.957951143,0.955188081,0.952432988,0.949685843,0.946946621,0.946898895,0.0513,0.049448644,0.0476641,0.045943959,0.044285896,0.043894574,0.046196207,0.048618527,0.051167862,0.053850873,0.053101105
Coolamon (A),LGA12000,0.9625,0.965981862,0.96947632,0.972983419,0.976503206,0.976427449,0.973525967,0.970633107,0.967748843,0.96487315,0.964821521,0.0375,0.034160408,0.031118225,0.028346967,0.025822506,0.024141631,0.026900843,0.029975413,0.033401383,0.037218917,0.035178479
Coonamble (A),LGA12150,0.9876,0.916080977,0.849741147,0.788205448,0.73112598,0.70152391,0.69225739,0.683113273,0.674089942,0.665185801,0.664457831,0.0124,0.115667041,1.078940679,10.06434484,93.88007974,0.425468165,0.402986666,0.381693077,0.361524629,0.34242187,0.335542169
Cowra (A),LGA12350,0.9609,0.952517842,0.944208804,0.935972247,0.92780754,0.927371369,0.923630395,0.919904512,0.916193659,0.912497775,0.912407473,0.0391,0.048904166,0.061166686,0.076503984,0.095687047,0.078316664,0.080635629,0.08302326,0.085481589,0.088012709,0.087592527
Dungog (A),LGA12700,0.9659,0.966149739,0.966399542,0.96664941,0.966899342,0.966898955,0.961368694,0.955870064,0.950402883,0.944966973,0.944777911,0.0341,0.034133559,0.03416715,0.034200775,0.034234433,0.034234234,0.039481198,0.045532346,0.052510932,0.060559103,0.055222089
Eurobodalla (A),LGA12750,0.8874,0.902071896,0.916986371,0.932147436,0.947559168,0.946087585,0.944730915,0.943376189,0.942023407,0.940672564,0.940660903,0.1126,0.098696148,0.086509144,0.075826992,0.066463872,0.056984592,0.057573218,0.058167925,0.058768774,0.05937583,0.059339097
Fairfield (C),LGA12850,0.9762,0.980258295,0.984333462,0.988425569,0.992534689,0.992433181,0.992349728,0.992266283,0.992182844,0.992099413,0.992099371,0.0238,0.019756128,0.016399353,0.013612929,0.011299949,0.007624513,0.007693542,0.007763196,0.00783348,0.007904401,0.007900629
Forbes (A),LGA12900,0.9524,0.939704236,0.92717771,0.914818166,0.902623379,0.901616944,0.897267153,0.892938348,0.888630426,0.884343288,0.884217781,0.0476,0.062979616,0.083328404,0.11025191,0.145874432,0.109118464,0.110784403,0.112475776,0.114192972,0.115936384,0.115782219
Georges River (A),LGA12930,0.9822,0.985329185,0.98846834,0.991617495,0.994776684,0.994716741,0.994738402,0.994760063,0.994781725,0.994803388,0.994803385,0.0178,0.01467783,0.012103297,0.009980345,0.008229765,0.00531132,0.005282644,0.005254122,0.005225755,0.005197541,0.005196615
Gilgandra (A),LGA12950,0.9936,0.961399299,0.930242162,0.900094769,0.870924396,0.864797196,0.860876773,0.856974123,0.853089165,0.849221819,0.849115505,0.0064,0.043885119,0.300922444,2.063440186,14.14911211,0.156340475,0.15497648,0.153624385,0.152284087,0.150955482,0.150884495
Glen Innes Severn (A),LGA13010,0.9295,0.931614497,0.933733804,0.935857932,0.937986892,0.937957987,0.934892058,0.931836151,0.928790232,0.92575427,0.925694271,0.0705,0.069411458,0.068339724,0.067284538,0.066245644,0.066145833,0.068185807,0.070288695,0.072456437,0.074691034,0.074305729
Goulburn Mulwaree (A),LGA13310,0.9683,0.968341948,0.968383897,0.968425848,0.968467801,0.96846779,0.965343433,0.962229156,0.959124925,0.956030709,0.955970362,0.0317,0.031914716,0.032130886,0.03234852,0.032567628,0.032558862,0.035426556,0.038546829,0.041941926,0.045636054,0.044029638
Greater Hume Shire (A),LGA13340,0.9736,0.975319881,0.977042801,0.978768764,0.980497775,0.980479525,0.976260322,0.972059275,0.967876307,0.963711338,0.963602714,0.0264,0.024777278,0.023254299,0.021824932,0.020483425,0.019909111,0.024031154,0.029006639,0.035012263,0.042261311,0.036397286
Griffith (C),LGA13450,0.9833,0.976558735,0.969863687,0.963214538,0.956610974,0.956334941,0.953968677,0.951608269,0.949253701,0.946904958,0.946869887,0.0167,0.023939688,0.034317883,0.049195175,0.070521983,0.045658751,0.047526592,0.049470843,0.051494631,0.05360121,0.053130113
Gunnedah (A),LGA13550,0.9634,0.942530746,0.922113563,0.902138659,0.882596453,0.879922983,0.875183116,0.870468781,0.86577984,0.861116158,0.860963514,0.0366,0.061565775,0.103561329,0.174203099,0.293031388,0.136463099,0.137106446,0.137752826,0.138402253,0.139054741,0.139036486
Gwydir (A),LGA13660,0.8906,0.907093794,0.92389305,0.941003426,0.958430685,0.956575174,0.950841712,0.945142615,0.939477677,0.933846694,0.933641327,0.1094,0.093399036,0.079738391,0.068075767,0.058118931,0.045396146,0.050636777,0.056482399,0.063002853,0.070276042,0.066358673
Hawkesbury (C),LGA13800,0.9642,0.96627206,0.968348573,0.970429549,0.972514996,0.972488241,0.969333346,0.966188686,0.963054228,0.959929938,0.959868661,0.0358,0.033922517,0.032143497,0.030457774,0.028860457,0.028290069,0.031250386,0.034520476,0.038132753,0.042123025,0.040131339
Hornsby (A),LGA14000,0.9569,0.966788547,0.976779281,0.98687326,0.997071548,0.996454188,0.996191181,0.995928244,0.995665377,0.995402578,0.995402162,0.0431,0.033214607,0.025596523,0.019725719,0.015201439,0.00355843,0.003818282,0.00409711,0.004396298,0.004717335,0.004597838
Hunters Hill (A),LGA14100,0.9916,0.992073016,0.992546257,0.993019725,0.993493418,0.993492063,0.99297005,0.992448312,0.991926847,0.991405656,0.991404011,0.0084,0.007937642,0.007500733,0.007087873,0.006697738,0.006550567,0.007061923,0.007613196,0.008207503,0.008848204,0.008595989
Inner West (A),LGA14170,0.9817,0.983473652,0.985250508,0.987030574,0.988813857,0.988794607,0.988759158,0.98872371,0.988688263,0.988652818,0.98865281,0.0183,0.016558094,0.014981994,0.013555916,0.012265581,0.011332377,0.01133608,0.011339785,0.01134349,0.011347197,0.01134719
Inverell (A),LGA14200,0.9893,0.973883983,0.958708189,0.943768877,0.92906236,0.927635931,0.922561965,0.917515752,0.912497142,0.907505982,0.907340067,0.0107,0.027527282,0.070817873,0.182189117,0.468707586,0.078009127,0.081671829,0.085506502,0.089521222,0.093724442,0.092659933
Junee (A),LGA14300,0.9454,0.937157345,0.928986554,0.920887003,0.912858069,0.912429379,0.908006244,0.903604552,0.899224198,0.894865077,0.894736842,0.0546,0.064943808,0.07724722,0.091881477,0.10928815,0.095975232,0.098297214,0.100675372,0.103111067,0.105605689,0.105263158
Kempsey (A),LGA14350,0.9856,0.960071985,0.935205171,0.910982432,0.887387086,0.883487941,0.881271772,0.879061163,0.876856099,0.874656566,0.874623267,0.0144,0.043769341,0.133038554,0.40437568,1.229115059,0.131877362,0.130252205,0.128647075,0.127061725,0.125495912,0.125376733
Kiama (A),LGA14400,0.9259,0.940665602,0.955666674,0.970906974,0.986390315,0.984962406,0.98364656,0.982332471,0.981020138,0.979709558,0.97969902,0.0741,0.059391794,0.047603039,0.038154249,0.030580962,0.015267176,0.016525627,0.01788781,0.019362276,0.020958281,0.02030098
Ku-ring-gai (A),LGA14500,0.9885,0.991042784,0.993592109,0.996147992,0.998710449,0.998671136,0.99850608,0.998341052,0.998176051,0.998011077,0.998010913,0.0115,0.008957658,0.00697736,0.005434853,0.004233352,0.001330632,0.001495246,0.001680224,0.001888086,0.002121663,0.001989087
Kyogle (A),LGA14550,0.9971,0.983429171,0.969945778,0.95664725,0.943531052,0.942416686,0.945448878,0.948490826,0.951542562,0.954604116,0.954545455,0.0029,0.017450439,0.105006145,0.63186322,3.80216917,0.061101756,0.057189953,0.053528589,0.050101628,0.046894066,0.045454545
Lachlan (A),LGA14600,0.9989,0.958784803,0.920280608,0.883322716,0.847849031,0.838439213,0.833152854,0.827899826,0.822679917,0.817492921,0.817293777,0.0011,0.048998077,2.182555947,97.21913109,4330.500421,0.192692308,0.190195787,0.18773161,0.18529936,0.182898622,0.182706223
Lake Macquarie (C),LGA14650,0.9392,0.946820247,0.954502321,0.962246725,0.970053963,0.969680988,0.966423582,0.963177119,0.959941561,0.956716872,0.956651364,0.0608,0.053416749,0.046930083,0.041231126,0.036224223,0.031266996,0.034287406,0.037599589,0.041231732,0.045214741,0.043348636
Lane Cove (A),LGA14700,0.8582,0.893054478,0.929324518,0.96706761,1.006343579,0.997617913,0.997090039,0.996562443,0.996035127,0.99550809,0.995506415,0.1418,0.106946944,0.080660428,0.060834882,0.045882262,0.002387775,0.002914227,0.003556751,0.004340938,0.005298021,0.004493585
Leeton (A),LGA14750,0.9753,0.967000549,0.958771723,0.950612922,0.942523549,0.942102195,0.941056678,0.940012322,0.938969124,0.937927084,0.937920127,0.0247,0.033888993,0.046496511,0.063794328,0.087527349,0.06145597,0.061611946,0.061768318,0.061925086,0.062082252,0.062079873
Lismore (C),LGA14850,0.9561,0.955375954,0.954652456,0.953929506,0.953207104,0.953203816,0.950879701,0.948561253,0.946248458,0.943941302,0.943907357,0.0439,0.045198394,0.04653519,0.047911523,0.049328562,0.049093576,0.050843343,0.052655474,0.054532192,0.056475799,0.056092643
Lithgow (C),LGA14870,0.9908,0.980516709,0.970340147,0.960269204,0.950302786,0.949666838,0.945784451,0.941917936,0.938067228,0.934232263,0.934137291,0.0092,0.020150216,0.044133826,0.096663709,0.211716805,0.053000864,0.056216325,0.059626862,0.06324431,0.067081222,0.065862709
Liverpool (C),LGA14900,0.9619,0.967550208,0.973233606,0.978950389,0.984700751,0.984500834,0.98447498,0.984449127,0.984423274,0.984397422,0.984397418,0.0381,0.032510793,0.027741513,0.023671879,0.020199254,0.015743172,0.015708025,0.015672956,0.015637965,0.015603052,0.015602582
Liverpool Plains (A),LGA14920,0.9644,0.945722395,0.92740652,0.90944537,0.891832075,0.889689579,0.882867411,0.876097555,0.869379611,0.86271318,0.862400906,0.0356,0.057696885,0.093509284,0.151550404,0.245617589,0.123987539,0.127390428,0.13088671,0.134478949,0.138169779,0.137599094
Maitland (C),LGA15050,0.8942,0.911758654,0.929662093,0.947917087,0.966530539,0.964434618,0.959421602,0.954434643,0.949473606,0.944538355,0.944382554,0.1058,0.088569231,0.074144695,0.062069363,0.05196064,0.036876924,0.041562055,0.04684242,0.052793645,0.059500959,0.055617446
Mid-Coast (A),LGA15240,0.9734,0.967478837,0.961593691,0.955744345,0.949930581,0.949715346,0.945480707,0.94126495,0.93706799,0.932889744,0.932776791,0.0266,0.03318677,0.041404575,0.051657297,0.064448828,0.052947079,0.056516112,0.060325724,0.064392133,0.068732648,0.067223209
Mid-Western Regional (A),LGA15270,0.9971,0.98718519,0.977368969,0.967650357,0.958028383,0.957440758,0.952403773,0.947393287,0.942409161,0.937451255,0.937292818,0.0029,0.013287761,0.060884343,0.278971244,1.278242501,0.044451044,0.049015079,0.054047728,0.059597107,0.065716271,0.062707182
Moree Plains (A),LGA15300,0.9846,0.936023588,0.889843751,0.845942251,0.804206684,0.790294352,0.786061487,0.781851293,0.77766365,0.773498436,0.773362892,0.0154,0.07788783,0.393929481,1.992357944,10.0766517,0.265351319,0.255672766,0.246347234,0.237361845,0.228704194,0.226637108
Mosman (A),LGA15350,0.9714,0.978212476,0.985072728,0.991981091,0.998937903,0.998649903,0.998478511,0.998307148,0.998135815,0.997964511,0.997964335,0.0286,0.021787981,0.016598465,0.012645001,0.009633183,0.001351922,0.001522858,0.001715407,0.001932301,0.002176619,0.002035665
Murray River (A),LGA15520,0.8163,0.854545983,0.894583899,0.936497706,0.980375294,0.969283932,0.969463414,0.969642931,0.96982248,0.970002062,0.970001863,0.1837,0.145697361,0.115556456,0.091650902,0.07269077,0.031689443,0.031266617,0.030849432,0.030437813,0.030031687,0.029998137
Muswellbrook (A),LGA15650,0.9702,0.963582005,0.957009153,0.950481136,0.943997648,0.943728019,0.935829758,0.9279976,0.920230991,0.912529382,0.912134977,0.0298,0.037256832,0.046579582,0.058235157,0.072807298,0.059627329,0.066686753,0.074581958,0.083411896,0.093287232,0.087865023
Nambucca (A),LGA15700,0.9058,0.910368465,0.914959972,0.919574637,0.924212575,0.924073862,0.923000388,0.921928162,0.920857181,0.919787444,0.919779968,0.0942,0.091191144,0.088278395,0.085458682,0.082729034,0.082164577,0.081678441,0.081195181,0.08071478,0.080237222,0.080220032
Narrabri (A),LGA15750,0.9511,0.936038984,0.921216465,0.906628666,0.89227187,0.890855936,0.885185267,0.879550693,0.873951986,0.868388917,0.868173258,0.0489,0.067303988,0.092634495,0.127498384,0.175483634,0.122515953,0.12484365,0.127215572,0.129632558,0.132095464,0.131826742
Narrandera (A),LGA15800,0.9409,0.929301374,0.917845725,0.906531293,0.895356335,0.894505495,0.894669443,0.894833422,0.894997431,0.89516147,0.89516129,0.0591,0.073809029,0.092178897,0.115120727,0.143772405,0.117936118,0.114661766,0.111478322,0.108383263,0.105374134,0.10483871
Narromine (A),LGA15850,0.9106,0.884977458,0.860075886,0.835874997,0.812355074,0.808109834,0.804210167,0.800329318,0.796467197,0.792623713,0.792511165,0.0894,0.126413888,0.178752472,0.25276057,0.357409915,0.237455551,0.229963872,0.222708554,0.21568214,0.208877408,0.207488835
Newcastle (C),LGA15900,0.9047,0.921484261,0.938579909,0.95599272,0.973728579,0.971837045,0.969726001,0.967619543,0.96551766,0.963420343,0.963392869,0.0953,0.078719773,0.065024162,0.053711304,0.044366649,0.028979092,0.030886102,0.032918605,0.03508486,0.037393668,0.036607131
North Sydney (A),LGA15950,0.8442,0.882436138,0.922404096,0.964182313,1.007852779,0.997144552,0.996975052,0.996805581,0.996636138,0.996466724,0.996466551,0.1558,0.117565906,0.088714649,0.066943633,0.050515333,0.002863625,0.003031081,0.003208329,0.003395942,0.003594527,0.003533449
Oberon (A),LGA16100,0.9769,0.973774374,0.970658749,0.967553092,0.964457372,0.964397496,0.964124735,0.963852051,0.963579444,0.963306915,0.963306452,0.0231,0.026554209,0.030524936,0.035089416,0.040336437,0.036916836,0.036861014,0.036805276,0.036749623,0.036694054,0.036693548
Orange (C),LGA16150,0.9977,0.983878213,0.970247907,0.956806432,0.943551169,0.94241285,0.93942224,0.936441121,0.933469462,0.930507232,0.930450411,0.0023,0.017001519,0.125674624,0.928982369,6.867004787,0.061106074,0.063216953,0.065400751,0.067659987,0.069997267,0.069549589
Parkes (A),LGA16200,0.9537,0.943273817,0.932961616,0.922762152,0.912674192,0.911995267,0.906193281,0.900428207,0.89469981,0.889007856,0.888787325,0.0463,0.05884923,0.074799824,0.095073693,0.120842626,0.096496919,0.100175858,0.103995056,0.107959861,0.112075824,0.111212675
Penrith (C),LGA16350,0.927,0.937449646,0.948017087,0.958703649,0.969510676,0.968798585,0.966062853,0.963334847,0.960614544,0.957901922,0.957855658,0.073,0.062801574,0.054027914,0.046479973,0.039986514,0.032206297,0.034690808,0.037366984,0.040249609,0.043354611,0.042144342
Port Macquarie-Hastings (A),LGA16380,0.9722,0.970141328,0.968087015,0.966037052,0.96399143,0.963965311,0.961983184,0.960005132,0.958031147,0.956061222,0.956036801,0.0278,0.030195432,0.03279727,0.0356233,0.038692839,0.037381728,0.039027096,0.040744885,0.042538283,0.044410618,0.043963199
Port Stephens (A),LGA16400,0.976,0.972722042,0.969455093,0.966199117,0.962954076,0.962888168,0.959341196,0.955807291,0.952286403,0.948778485,0.948700282,0.024,0.027635551,0.03182182,0.03664223,0.042192843,0.038542204,0.041731582,0.045184883,0.048923945,0.052972416,0.051299718
Queanbeyan-Palerang Regional (A),LGA16490,0.9941,0.988771388,0.983471338,0.978199697,0.972956314,0.97278555,0.971432822,0.970081974,0.968733005,0.967385912,0.967374636,0.0059,0.011418949,0.022100406,0.042773459,0.082784397,0.027975796,0.029138188,0.030348877,0.031609871,0.032923258,0.032625364
Randwick (C),LGA16550,0.97,0.973483628,0.976979766,0.98048846,0.984009756,0.98393451,0.983513863,0.983093396,0.982673109,0.982253002,0.982251923,0.03,0.026581951,0.023553337,0.020869789,0.01849199,0.016327804,0.016682872,0.017045662,0.017416341,0.017795081,0.017748077
Richmond Valley (A),LGA16610,0.9736,0.963496535,0.953497917,0.943603059,0.933810885,0.933186138,0.930322716,0.92746808,0.924622204,0.92178506,0.92173245,0.0264,0.037699393,0.053835009,0.076876787,0.109780613,0.071597572,0.073265067,0.074971397,0.076717467,0.078504203,0.07826755
Rockdale (C),LGA16650,0.9858,0.987695951,0.989595549,0.991498801,0.993405712,0.993383806,0.993234734,0.993085684,0.992936656,0.992787651,0.992787517,0.0142,0.012315065,0.01068034,0.009262611,0.008033074,0.00666026,0.006798316,0.006939233,0.007083071,0.007229891,0.007212483
Ryde (C),LGA16700,0.9409,0.954796798,0.968898848,0.98320918,0.997730872,0.996487193,0.996393152,0.99629912,0.996205097,0.996111082,0.996111029,0.0591,0.045206298,0.034578838,0.026449767,0.020231744,0.00352519,0.003616136,0.003709427,0.003805125,0.003903292,0.003888971
Shellharbour (C),LGA16900,0.9946,0.987930521,0.981305765,0.974725432,0.968189225,0.967922082,0.965862883,0.963808065,0.961757619,0.959711535,0.959685287,0.0054,0.012335253,0.028177494,0.064366023,0.147031701,0.033141012,0.034934438,0.036824914,0.038817693,0.040918312,0.040314713
Shoalhaven (C),LGA16950,0.9971,0.985452256,0.973940576,0.962563372,0.951319072,0.950509024,0.947762355,0.945023624,0.942292806,0.93956988,0.93952235,0.0029,0.015191966,0.079584774,0.416913526,2.184047002,0.052067866,0.054170312,0.056357653,0.058633316,0.061000868,0.06047765
Singleton (A),LGA17000,0.9757,0.972474973,0.969260606,0.966056863,0.96286371,0.962799892,0.957160416,0.951553973,0.945980368,0.94043941,0.940241988,0.0243,0.027884356,0.03199742,0.036717179,0.042133124,0.038637424,0.043917571,0.049919297,0.056741212,0.064495402,0.059758012
Snowy Valleys (A),LGA17080,0.9541,0.956235202,0.958375183,0.960519953,0.962669523,0.96264081,0.960138305,0.957642306,0.955152795,0.952669756,0.95263079,0.0459,0.044127266,0.042422999,0.040784552,0.039209386,0.038809065,0.040949101,0.043207145,0.045589703,0.048103642,0.04736921
Strathfield (A),LGA17100,0.9721,0.978126698,0.984190759,0.990292416,0.9964319,0.996206791,0.996393779,0.996580801,0.996767859,0.996954952,0.996954741,0.0279,0.021876913,0.017154098,0.01345085,0.010547063,0.003807652,0.003617054,0.003435996,0.003264002,0.003100617,0.003045259
Tamworth Regional (A),LGA17310,0.9932,0.9729314,0.953076429,0.933626646,0.914573781,0.9121256,0.906320551,0.900552446,0.894821052,0.889126134,0.888905402,0.0068,0.02918506,0.125259961,0.53760581,2.307361455,0.096340241,0.10002883,0.103858645,0.107835092,0.111963786,0.111094598
Temora (A),LGA17350,0.9839,0.982881772,0.981864598,0.980848477,0.979833407,0.979827089,0.978215326,0.976606213,0.974999748,0.973395925,0.973380035,0.0161,0.017222059,0.018422317,0.019706226,0.021079614,0.020588235,0.022096168,0.023714545,0.025451456,0.027315582,0.026619965
Tenterfield (A),LGA17400,0.928,0.928924142,0.929849205,0.930775189,0.931702095,0.931696569,0.932117207,0.932538035,0.932959053,0.933380261,0.933379121,0.072,0.072327703,0.072656897,0.072987589,0.073319787,0.073310811,0.071638328,0.070004,0.068406958,0.066846349,0.066620879
The Hills Shire (A),LGA17420,0.9932,0.993982743,0.994766103,0.995550081,0.996334676,0.996330973,0.99588614,0.995441505,0.994997069,0.994552831,0.99455164,0.0068,0.006020635,0.005330594,0.004719641,0.004178711,0.003682538,0.004123994,0.00461837,0.005172011,0.005792022,0.00544836
Tweed (A),LGA17550,0.9695,0.967621926,0.965747491,0.963876686,0.962009505,0.961987705,0.960540939,0.95909635,0.957653933,0.956213685,0.956200643,0.0305,0.032753581,0.035173675,0.037772584,0.040563522,0.039514325,0.040585583,0.041685884,0.042816014,0.043976783,0.043799357
Upper Hunter Shire (A),LGA17620,0.97,0.966972484,0.963954417,0.960945771,0.957946514,0.957889936,0.95413398,0.950392751,0.946666192,0.942954245,0.942866112,0.03,0.033490319,0.037386716,0.041736434,0.046592217,0.043961276,0.047254429,0.050794273,0.054599288,0.058689338,0.057133888
Upper Lachlan Shire (A),LGA17640,0.9684,0.972319108,0.976254077,0.980204971,0.984171854,0.984076433,0.981754804,0.979438652,0.977127964,0.974822727,0.974789916,0.0316,0.027745307,0.024360825,0.021389196,0.018780058,0.01618123,0.018438443,0.021010529,0.023941409,0.027281135,0.025210084
Uralla (A),LGA17650,0.9664,0.959928476,0.953500289,0.947115148,0.940772765,0.940513904,0.936500206,0.932503637,0.928524124,0.924561593,0.924459113,0.0336,0.041012126,0.050059359,0.061102402,0.07458153,0.063248503,0.066321599,0.06954401,0.072922989,0.076466146,0.075540887
Wagga Wagga (C),LGA17750,0.9396,0.942785882,0.945982566,0.949190089,0.952408487,0.952343527,0.949725497,0.947114663,0.944511008,0.941914509,0.941871406,0.0604,0.057810316,0.055331666,0.052959289,0.05068863,0.050041263,0.052063096,0.054166617,0.056355128,0.058632062,0.058128594
Walgett (A),LGA17900,0.9766,0.915268352,0.857788405,0.803918267,0.753431239,0.731273408,0.721949454,0.712744383,0.703656679,0.694684846,0.693977591,0.0234,0.109419398,0.511649774,2.392496168,11.18741414,0.367477593,0.352113797,0.337392343,0.323286375,0.309770161,0.306022409
Warrumbungle Shire (A),LGA18020,0.8846,0.88915446,0.893732369,0.898333847,0.902959017,0.902817839,0.900436368,0.898061179,0.895692255,0.89332958,0.893291955,0.1154,0.113460789,0.111554165,0.10967958,0.107836496,0.107643156,0.107409378,0.107176108,0.106943345,0.106711087,0.106708045
Waverley (A),LGA18050,0.9965,0.996263327,0.996026709,0.995790148,0.995553643,0.995553306,0.995378618,0.995203961,0.995029335,0.994854739,0.994854555,0.0035,0.003741639,0.00399996,0.004276116,0.004571338,0.004466555,0.004636278,0.004812449,0.004995315,0.00518513,0.005145445
Wentworth (A),LGA18200,0.9769,0.958538664,0.94052244,0.922844839,0.905499498,0.903454658,0.902368912,0.901284471,0.900201334,0.899119498,0.899111675,0.0231,0.044040603,0.083964272,0.160079529,0.305194759,0.10686241,0.105368889,0.103896241,0.102444175,0.101012404,0.100888325
Western Plains Regional (A),LGA18230,0.9846,0.950491825,0.917565215,0.885779236,0.855094376,0.848167302,0.842884854,0.837635305,0.832418451,0.827234089,0.82703751,0.0154,0.056303169,0.205847197,0.752587631,2.751497957,0.179012676,0.177500129,0.176000363,0.174513269,0.173038739,0.17296249
Willoughby (C),LGA18250,0.8404,0.879749482,0.920941398,0.964062015,1.00920164,0.997797927,0.997892912,0.997987905,0.998082907,0.998177918,0.998177864,0.1596,0.120251733,0.090604507,0.068266598,0.051435944,0.002206932,0.002110733,0.002018727,0.001930732,0.001846572,0.001822136
Wingecarribee (A),LGA18350,0.9113,0.928917036,0.946874641,0.965179398,0.983838019,0.981768146,0.981155382,0.980543001,0.979931002,0.979319385,0.979317091,0.0887,0.071167607,0.057100657,0.045814173,0.036758568,0.018570427,0.019098548,0.019641687,0.020200273,0.020774744,0.020682909
Wollondilly (A),LGA18400,0.9986,0.992944897,0.98732182,0.981730586,0.976171016,0.97597959,0.973663371,0.97135265,0.969047412,0.966747645,0.966714716,0.0014,0.007202898,0.037058382,0.190662666,0.980945478,0.024611591,0.026780014,0.029139488,0.031706845,0.034500401,0.033285284
Wollongong (C),LGA18450,0.9871,0.984636571,0.98217929,0.979728141,0.97728311,0.977246285,0.9761316,0.975018188,0.973906045,0.972795171,0.972787548,0.0129,0.015495875,0.018614121,0.022359852,0.02685934,0.023283502,0.024265739,0.025289413,0.026356272,0.027468138,0.027212452
Woollahra (A),LGA18500,0.982,0.985857444,0.989730042,0.993617851,0.997520932,0.997429778,0.997235777,0.997041814,0.996847888,0.996654,0.996653774,0.018,0.014144211,0.011114373,0.008733558,0.006862738,0.002576845,0.00276919,0.002975893,0.003198025,0.003436737,0.003346226
Yass Valley (A),LGA18710,0.9975,0.99246008,0.987445624,0.982456505,0.977492593,0.97734032,0.976164696,0.974990485,0.973817687,0.9726463,0.972637822,0.0025,0.007671261,0.023539301,0.072230452,0.22163947,0.023185046,0.024229329,0.025320648,0.026461121,0.027652962,0.027362178
