LGA,region_id,yr_2006_Couple family with children,yr_2007_Couple family with children,yr_2008_Couple family with children,yr_2009_Couple family with children,yr_2010_Couple family with children,yr_2011_Couple family with children,yr_2012_Couple family with children,yr_2013_Couple family with children,yr_2014_Couple family with children,yr_2015_Couple family with children,yr_2016_Couple family with children,yr_2006One parent family,yr_2007One parent family,yr_2008One parent family,yr_2009One parent family,yr_2010One parent family,yr_2011One parent family,yr_2012One parent family,yr_2013One parent family,yr_2014One parent family,yr_2015One parent family,yr_2016One parent family,,,,
Albury (C),LGA10050,0.54891586,0.514540861,0.482318543,0.452114097,0.423801157,0.411415864,0.412442102,0.4134709,0.414502264,0.415536201,0.407310911,0.2184,0.2093,0.2006,0.1922,0.1842,0.181945474,0.182646591,0.183350409,0.18405694,0.184766193,0.179141007,,,,
Armidale Regional (A),LGA10130,0.431121608,0.424700501,0.418375029,0.412143769,0.406005316,0.405437179,0.453938428,0.508241738,0.569041193,0.637113906,0.211432181,0.1794,0.1795,0.1796,0.1796,0.1797,0.179720794,0.200215495,0.223047338,0.248482841,0.276818915,0.097741986,,,,
Ballina (A),LGA10250,0.560939597,0.512549914,0.468334587,0.427933512,0.391017653,0.367380864,0.378557361,0.39007387,0.401940736,0.414168616,0.322674878,0.1656,0.1689,0.1723,0.1757,0.1792,0.178795715,0.186269,0.194054653,0.20216573,0.210615832,0.148902574,,,,
Bathurst Regional (A),LGA10470,0.536205823,0.510224966,0.485502962,0.461978817,0.439594491,0.432282392,0.455361675,0.479673146,0.505282591,0.532259309,0.339965261,0.1836,0.1803,0.1771,0.1739,0.1708,0.170420027,0.17720078,0.184251329,0.191582408,0.199205179,0.143297016,,,,
Bega Valley (A),LGA10550,0.571247578,0.514013686,0.462514117,0.416174344,0.374477401,0.342312009,0.370887011,0.401847354,0.435392157,0.471737162,0.228012001,0.1410,0.1433,0.1457,0.1481,0.1505,0.150280584,0.162487553,0.175686067,0.189956669,0.205386441,0.101452708,,,,
Bellingen (A),LGA10600,0.524544457,0.480576105,0.440293267,0.403387016,0.36957432,0.348671049,0.412784966,0.488688203,0.578548589,0.684932576,0.09221538,0.1874,0.1902,0.1930,0.1959,0.1989,0.198628179,0.235297699,0.27873692,0.330195625,0.39115432,0.051950103,,,,
Berrigan (A),LGA10650,0.522474625,0.477695858,0.436754862,0.39932272,0.365098705,0.343359556,0.414968432,0.501511599,0.606103656,0.732508765,0.056924049,0.1829,0.1688,0.1557,0.1437,0.1326,0.126330403,0.152248231,0.183483338,0.221126611,0.266492742,0.022659087,,,,
Bland (A),LGA10800,0.602447807,0.555816747,0.512795055,0.473103356,0.4364839,0.415923567,0.508910459,0.622686175,0.761898417,0.932233958,0.043975999,0.1001,0.1047,0.1095,0.1145,0.1198,0.118471338,0.143529721,0.173888312,0.21066818,0.255227516,0.018237802,,,,
Blayney (A),LGA10850,0.507399394,0.490232259,0.473645949,0.457620814,0.442137866,0.438730853,0.532485097,0.646274079,0.784379108,0.951996383,0.06371388,0.1820,0.1751,0.1684,0.1620,0.1558,0.154266958,0.186892596,0.22641817,0.274302935,0.332314762,0.023764409,,,,
Blue Mountains (C),LGA10900,0.496010352,0.486082791,0.476353929,0.466819788,0.457476471,0.456300109,0.389753788,0.332912511,0.284360905,0.242890014,0.722485394,0.1883,0.1805,0.1731,0.1659,0.1591,0.157230526,0.13363353,0.113577948,0.096532287,0.082044821,0.251618506,,,,
Botany Bay (C),LGA11100,0.564163043,0.547192315,0.530732087,0.514767004,0.499282171,0.496280131,0.508653495,0.521335355,0.534333402,0.547655519,0.446786673,0.1198,0.1351,0.1524,0.1719,0.1940,0.181132824,0.189032484,0.197276667,0.205880401,0.214859364,0.149534186,,,,
Broken Hill (C),LGA11250,0.518656716,0.474588944,0.434265399,0.397367952,0.363605504,0.342385628,0.398809447,0.464531691,0.541084706,0.63025336,0.116690352,0.1589,0.1738,0.1901,0.2079,0.2274,0.21850846,0.252292373,0.291299666,0.336337934,0.388339634,0.083372809,,,,
Burwood (A),LGA11300,0.379545455,0.409208988,0.441190887,0.475672345,0.512848716,0.498199588,0.543245301,0.592363912,0.64592368,0.704326162,0.318016738,0.2977,0.2635,0.2332,0.2064,0.1827,0.16087963,0.175242913,0.190888546,0.207931016,0.226495033,0.103426496,,,,
Byron (A),LGA11350,0.552609852,0.511690968,0.473801988,0.438718558,0.406232938,0.388934315,0.429776767,0.474908135,0.5247788,0.579886443,0.225564503,0.1239,0.1504,0.1825,0.2215,0.2687,0.229762878,0.256333552,0.285976962,0.319048451,0.355944456,0.123480183,,,,
Cabonne (A),LGA11400,0.513692946,0.494481351,0.475988251,0.458186773,0.441051053,0.436846567,0.514556551,0.606090247,0.713906737,0.84090254,0.126006632,0.1589,0.1487,0.1392,0.1302,0.1219,0.118112461,0.139311191,0.164314651,0.193805713,0.228589806,0.033317543,,,,
Camden (A),LGA11450,0.504568084,0.5171172,0.529978425,0.543159522,0.556668446,0.554764548,0.461594798,0.384072411,0.319569496,0.265899501,0.92744355,0.1663,0.1604,0.1546,0.1491,0.1437,0.142446607,0.119081471,0.099548855,0.083220122,0.069569748,0.235907153,,,,
Campbelltown (C) (NSW),LGA11500,0.512819201,0.508078806,0.50338223,0.498729069,0.49411892,0.493857621,0.214748207,0.093380745,0.040605524,0.017656837,1.610295279,0.1550,0.1728,0.1928,0.2150,0.2398,0.226423915,0.103652032,0.047449686,0.021721453,0.009943617,0.717511448,,,,
Canada Bay (A),LGA11520,0.499295546,0.493089606,0.486960803,0.480908176,0.47493078,0.474471787,0.381045679,0.306015686,0.245759512,0.197368111,0.84817622,0.1672,0.1571,0.1475,0.1385,0.1301,0.126522496,0.099669778,0.078516193,0.061852175,0.048724873,0.233933365,,,,
Cessnock (C),LGA11720,0.484968497,0.469509036,0.45454238,0.440052819,0.426025146,0.423130652,0.413012478,0.403136257,0.393496202,0.384086666,0.463603348,0.1798,0.1863,0.1930,0.2000,0.2072,0.205720168,0.196890459,0.18843973,0.180351715,0.172610845,0.241039002,,,,
Clarence Valley (A),LGA11730,0.52024204,0.47639993,0.436252506,0.399488406,0.36582251,0.344873601,0.345330908,0.345788822,0.346247343,0.346706472,0.343044371,0.1415,0.1516,0.1625,0.1742,0.1867,0.182074283,0.179353472,0.17667332,0.174033219,0.171432569,0.192957524,,,,
Cobar (A),LGA11750,0.52289282,0.499742765,0.477617633,0.456472048,0.436262642,0.430292599,0.528766586,0.649776693,0.798480393,0.981215462,0.036396652,0.1332,0.1373,0.1416,0.1460,0.1505,0.149741824,0.183683676,0.225319097,0.276391984,0.339041518,0.01397442,,,,
Coffs Harbour (C),LGA11800,0.47596069,0.451341289,0.427995343,0.405856983,0.384863746,0.377483085,0.330945125,0.290144591,0.254374147,0.223013658,0.563634928,0.1767,0.1805,0.1845,0.1886,0.1927,0.192205683,0.167305896,0.145631817,0.126765563,0.110343387,0.291804832,,,,
Coolamon (A),LGA12000,0.448275862,0.438848231,0.429618871,0.420583613,0.411738374,0.410565338,0.504364102,0.619592361,0.761145952,0.935039222,0.035370283,0.2026,0.1844,0.1678,0.1527,0.1390,0.129749768,0.159463383,0.195981625,0.240862804,0.296022089,0.01089531,,,,
Coonamble (A),LGA12150,0.461651917,0.432637776,0.405447131,0.379965378,0.356085115,0.345595353,0.426151779,0.525485476,0.647973325,0.799012436,0.023369651,0.1879,0.1976,0.2077,0.2184,0.2296,0.226524685,0.278754309,0.343026478,0.422117831,0.519445217,0.01760619,,,,
Cowra (A),LGA12350,0.505385253,0.474239445,0.445013086,0.417587885,0.39185284,0.380802021,0.453067108,0.539045996,0.641341162,0.76304896,0.091741671,0.1384,0.1396,0.1409,0.1421,0.1434,0.143353331,0.168513471,0.1980895,0.23285646,0.273725415,0.042712774,,,,
Dungog (A),LGA12700,0.481416158,0.465681105,0.450460351,0.435737087,0.421495052,0.418475947,0.50329784,0.605312484,0.728004722,0.875565743,0.079188378,0.1562,0.1515,0.1470,0.1426,0.1383,0.137505321,0.165032607,0.198070599,0.23772249,0.285312319,0.027396179,,,,
Eurobodalla (A),LGA12750,0.395926966,0.372482615,0.350426493,0.329676399,0.310154998,0.302149561,0.322203768,0.343589009,0.366393626,0.390711826,0.221932733,0.2399,0.2200,0.2018,0.1850,0.1697,0.160359269,0.1680987,0.176211659,0.184716175,0.193631144,0.129401547,,,,
Fairfield (C),LGA12850,0.453638945,0.47309149,0.493378182,0.514534791,0.536598618,0.531449126,0.144869595,0.039490515,0.010764859,0.002934431,2.077767251,0.1814,0.1938,0.2069,0.2210,0.2360,0.230750257,0.054089961,0.012679179,0.002972115,0.000696691,0.937391442,,,,
Forbes (A),LGA12900,0.468160978,0.444194777,0.421455459,0.399880217,0.37940946,0.372296173,0.447665337,0.538292544,0.647266694,0.778302018,0.070819517,0.1668,0.1682,0.1695,0.1709,0.1723,0.172212978,0.207213167,0.249326718,0.299999335,0.360970544,0.032212222,,,,
Georges River (A),LGA12930,0.515902223,0.515044331,0.514187865,0.513332823,0.512479203,0.512470653,0.253844277,0.12573777,0.062282227,0.030850521,1.546976157,0.1494,0.1496,0.1499,0.1502,0.1505,0.150476454,0.074030353,0.036420935,0.017918117,0.00881523,0.456260856,,,,
Gilgandra (A),LGA12950,0.437796161,0.42196323,0.406702899,0.391994459,0.37781795,0.374464439,0.460777532,0.566985573,0.697674295,0.858486432,0.029212064,0.1965,0.1902,0.1841,0.1782,0.1726,0.171379606,0.210257193,0.25795419,0.316471284,0.388263023,0.015869256,,,,
Glen Innes Severn (A),LGA13010,0.519069166,0.472708084,0.430487779,0.392038414,0.357023186,0.333624836,0.402898722,0.486556644,0.587585302,0.709591559,0.056529291,0.1151,0.1286,0.1437,0.1606,0.1795,0.169217315,0.20419889,0.246412057,0.297351773,0.358822039,0.029291015,,,,
Goulburn Mulwaree (A),LGA13310,0.50852468,0.482217418,0.457271096,0.43361531,0.411183298,0.403295629,0.445517768,0.49216026,0.543685883,0.600605867,0.234407074,0.1219,0.1375,0.1550,0.1748,0.1972,0.184192152,0.202804535,0.223297677,0.245861624,0.270705629,0.109742618,,,,
Greater Hume Shire (A),LGA13340,0.444283162,0.44330761,0.442334199,0.441362926,0.440393786,0.440380952,0.527757889,0.632471474,0.757961506,0.908350288,0.090873204,0.1838,0.1700,0.1573,0.1455,0.1346,0.128761905,0.154004647,0.184196027,0.220306186,0.263495452,0.027790936,,,,
Griffith (C),LGA13450,0.468279789,0.471720391,0.475186272,0.478677618,0.482194616,0.482042197,0.544168094,0.614300816,0.693472286,0.782847425,0.233538607,0.1573,0.1541,0.1509,0.1478,0.1447,0.144306652,0.16198761,0.181834901,0.204113951,0.22912271,0.07358282,,,,
Gunnedah (A),LGA13550,0.466412779,0.454980347,0.44382814,0.432949289,0.422337095,0.420683051,0.500036666,0.594358785,0.706472924,0.839735198,0.103268593,0.1558,0.1592,0.1627,0.1663,0.1699,0.169486116,0.201593946,0.239784357,0.285209645,0.339240401,0.041054792,,,,
Gwydir (A),LGA13660,0.450574713,0.435203762,0.420357177,0.40601707,0.392166163,0.389090909,0.477067094,0.584935313,0.717193292,0.879355729,0.037186168,0.1701,0.1578,0.1463,0.1357,0.1258,0.120727273,0.147178631,0.179425486,0.218737629,0.266663068,0.014921838,,,,
Hawkesbury (C),LGA13800,0.413796254,0.435195307,0.457700991,0.481370533,0.506264121,0.499392467,0.458639762,0.421212665,0.386839789,0.355271897,0.662403284,0.2033,0.1954,0.1879,0.1807,0.1737,0.171931956,0.159155432,0.14732835,0.136380156,0.12624554,0.223038055,,,,
Hornsby (A),LGA14000,0.435707678,0.467747709,0.502143824,0.539069278,0.578710068,0.563867803,0.265765593,0.125262251,0.059039364,0.027826791,1.756276646,0.1800,0.1648,0.1508,0.1380,0.1263,0.119023707,0.060353927,0.030603958,0.015518497,0.007869039,0.353702826,,,,
Hunters Hill (A),LGA14100,0.416004465,0.444211181,0.474330422,0.506491864,0.540833976,0.528831329,0.624760936,0.738092102,0.871981456,1.030158239,0.145112901,0.1983,0.1770,0.1579,0.1409,0.1257,0.112858464,0.133572686,0.158088828,0.187104702,0.221446195,0.030001579,,,,
Inner West (A),LGA14170,0.412136968,0.415467682,0.418825314,0.422210081,0.425622202,0.425459826,0.157752463,0.058491632,0.021687592,0.008041349,1.496289278,0.1561,0.1544,0.1527,0.1510,0.1494,0.149273959,0.065974259,0.029158487,0.012887108,0.005695684,0.482472762,,,,
Inverell (A),LGA14200,0.497950549,0.470623463,0.444796064,0.420386049,0.397315635,0.388642206,0.45522878,0.533223718,0.624581631,0.731592013,0.12229591,0.1148,0.1294,0.1458,0.1644,0.1853,0.173171302,0.200436968,0.231995589,0.268523086,0.310801805,0.064108637,,,,
Junee (A),LGA14300,0.429392588,0.430531526,0.431673484,0.432818472,0.433966497,0.433948339,0.531678279,0.651418077,0.798124594,0.977871033,0.04302858,0.1822,0.1780,0.1739,0.1698,0.1659,0.165313653,0.201865499,0.246499179,0.301001634,0.367554912,0.019106269,,,,
Kempsey (A),LGA14350,0.441298179,0.413045024,0.386600716,0.361849447,0.338682824,0.32828556,0.36517694,0.406214022,0.451862683,0.502641152,0.180720038,0.1702,0.1846,0.2002,0.2171,0.2354,0.227690644,0.251808946,0.278481999,0.307980414,0.340603472,0.131217432,,,,
Kiama (A),LGA14400,0.432647052,0.431139081,0.429636366,0.428138889,0.426646631,0.426615169,0.483490025,0.54794724,0.620997668,0.703786926,0.199115743,0.1783,0.1655,0.1536,0.1426,0.1324,0.127106742,0.145264289,0.166015692,0.189731491,0.216835156,0.054476551,,,,
Ku-ring-gai (A),LGA14500,0.473630832,0.49878748,0.525280311,0.553180294,0.582562169,0.574257426,0.348506292,0.211502072,0.128356726,0.077897341,1.477261961,0.1339,0.1255,0.1176,0.1103,0.1034,0.100356974,0.059936191,0.035795689,0.021378258,0.012767736,0.262040107,,,,
Kyogle (A),LGA14550,0.445291496,0.424850143,0.405347161,0.386739474,0.368985983,0.363526082,0.440255541,0.53318029,0.645718668,0.782010524,0.056608243,0.1619,0.1675,0.1733,0.1794,0.1856,0.184391427,0.222120423,0.267569284,0.322317601,0.388268168,0.033475446,,,,
Lachlan (A),LGA14600,0.409966796,0.408603569,0.407244876,0.4058907,0.404541027,0.404513889,0.493977273,0.603226622,0.736637851,0.899554668,0.046660351,0.1970,0.1882,0.1799,0.1719,0.1643,0.162037037,0.197157855,0.239890956,0.291886269,0.355151339,0.021553766,,,,
Lake Macquarie (C),LGA14650,0.483734088,0.468618433,0.45397511,0.43978936,0.426046884,0.423271469,0.073262713,0.01268081,0.002194881,0.000379905,1.82330649,0.1231,0.1360,0.1504,0.1663,0.1838,0.174982886,0.029856825,0.005094384,0.00086924,0.000148316,0.755487131,,,,
Lane Cove (A),LGA14700,0.395247029,0.423049944,0.452808603,0.48466058,0.518753124,0.506458689,0.539871087,0.575487789,0.613454216,0.653925388,0.372809095,0.2114,0.1873,0.1659,0.1470,0.1302,0.114915915,0.123847799,0.133473918,0.14384823,0.15502889,0.079188378,,,,
Leeton (A),LGA14750,0.440548295,0.442160665,0.443778936,0.445403131,0.447033269,0.446997776,0.536423677,0.643740029,0.772525976,0.927076702,0.089294173,0.1651,0.1673,0.1695,0.1717,0.1740,0.173832468,0.208546704,0.250193352,0.300156808,0.360097936,0.034975525,,,,
Lismore (C),LGA14850,0.451247166,0.436029922,0.421325845,0.407117627,0.393388549,0.390378193,0.40825144,0.426943004,0.446490351,0.466932662,0.318885204,0.1536,0.1689,0.1856,0.2041,0.2243,0.21464031,0.221580824,0.228745763,0.236142384,0.243778178,0.186878257,,,,
Lithgow (C),LGA14870,0.441235923,0.428863602,0.416838204,0.405149999,0.393789533,0.391746641,0.451372074,0.520072741,0.599229929,0.690435164,0.153244908,0.1632,0.1685,0.1740,0.1797,0.1855,0.184452975,0.210769124,0.240839833,0.27520077,0.314464027,0.079188378,,,,
Liverpool (C),LGA14900,0.475122065,0.500060541,0.526308001,0.553933154,0.583008311,0.574875968,0.136623541,0.032469599,0.007716641,0.001833917,2.327885678,0.1251,0.1399,0.1566,0.1751,0.1959,0.184502568,0.044361827,0.010666365,0.002564622,0.000616638,0.74506553,,,,
Liverpool Plains (A),LGA14920,0.373271889,0.371309516,0.36935746,0.367415666,0.36548408,0.365422397,0.442665411,0.53623606,0.64958568,0.786895151,0.056450339,0.2267,0.2127,0.1995,0.1871,0.1755,0.17043222,0.205934638,0.248832498,0.300666331,0.363297574,0.028422549,,,,
Maitland (C),LGA15050,0.422052966,0.433064919,0.44436419,0.455958274,0.467854864,0.466100779,0.39440554,0.333738405,0.282403038,0.238964035,0.752881731,0.1779,0.1766,0.1754,0.1741,0.1729,0.172848183,0.14032598,0.113922983,0.092487835,0.075085811,0.302936997,,,,
Mid-Coast (A),LGA15240,0.341266084,0.334619201,0.32810178,0.3217113,0.315445288,0.314678552,0.248176076,0.195727876,0.154363797,0.121741381,0.580688457,0.1615,0.1644,0.1673,0.1703,0.1733,0.173022747,0.130497604,0.098424195,0.074233716,0.05598872,0.343123322,,,,
Mid-Western Regional (A),LGA15270,0.443569554,0.43472836,0.426063389,0.417571127,0.409248133,0.40820478,0.461266555,0.52122573,0.588978887,0.665539148,0.195957682,0.1549,0.1545,0.1542,0.1539,0.1536,0.153585353,0.173289919,0.195522523,0.220607509,0.248910826,0.074767093,,,,
Moree Plains (A),LGA15300,0.456743003,0.448933708,0.441257935,0.433713401,0.426297862,0.425505825,0.507782328,0.605967951,0.723138907,0.862966231,0.096399811,0.1406,0.1553,0.1716,0.1896,0.2095,0.199570815,0.235844382,0.278710954,0.329368863,0.389234245,0.054476551,,,,
Mosman (A),LGA15350,0.422889452,0.433900989,0.445199253,0.456791711,0.468686022,0.4669356,0.514330324,0.56653569,0.624039986,0.687381061,0.277356703,0.1729,0.1574,0.1433,0.1304,0.1187,0.110790952,0.12256022,0.135579732,0.1499823,0.165914845,0.06371388,,,,
Murray River (A),LGA15520,0.407510431,0.394648611,0.382192735,0.370129991,0.35844797,0.356063151,0.423071201,0.502689596,0.597291494,0.709696662,0.088030949,0.1026,0.1048,0.1071,0.1094,0.1118,0.111521666,0.132750417,0.158020174,0.188100167,0.223906048,0.026606664,,,,
Muswellbrook (A),LGA15650,0.401079763,0.41453855,0.428448965,0.442826163,0.457685808,0.45491491,0.534299725,0.627537567,0.737045856,0.865663862,0.137375651,0.1942,0.1877,0.1814,0.1753,0.1694,0.168148336,0.194533281,0.225058411,0.260373382,0.301229792,0.062608558,,,,
Nambucca (A),LGA15700,0.407582938,0.382087124,0.358186167,0.335780303,0.314776009,0.305599682,0.351603266,0.40453202,0.465428427,0.535491902,0.121585347,0.1872,0.1897,0.1923,0.1949,0.1976,0.197378872,0.227025185,0.261124375,0.300345264,0.345457132,0.078793621,,,,
Narrabri (A),LGA15750,0.46702661,0.456042027,0.445315805,0.434841865,0.424614276,0.423088279,0.502905035,0.59777944,0.710552159,0.844599759,0.103821254,0.1259,0.1333,0.1410,0.1493,0.1580,0.155299675,0.182992429,0.215623305,0.254072858,0.299378665,0.044528659,,,,
Narrandera (A),LGA15800,0.416296296,0.41438001,0.412472546,0.410573861,0.408683917,0.408631153,0.499794942,0.611296965,0.747674593,0.914477461,0.043975999,0.1760,0.1763,0.1767,0.1770,0.1773,0.177343223,0.216724821,0.264851666,0.323665764,0.395540373,0.019816832,,,,
Narromine (A),LGA15850,0.375291375,0.378238031,0.381207823,0.384200932,0.387217542,0.387077998,0.471906079,0.575324221,0.701406432,0.85511954,0.047765672,0.2159,0.2130,0.2101,0.2073,0.2045,0.204307334,0.249087784,0.303683293,0.370245144,0.451396142,0.025185536,,,,
Newcastle (C),LGA15900,0.387407407,0.394123518,0.400956059,0.40790705,0.414978543,0.41427185,0.201244202,0.097760031,0.047489684,0.02306945,1.266382441,0.1979,0.1958,0.1936,0.1915,0.1895,0.189329811,0.094569258,0.047236854,0.023594564,0.011785362,0.56837202,,,,
North Sydney (A),LGA15950,0.474692202,0.435303081,0.3991824,0.366058949,0.335684024,0.317135718,0.279374014,0.246108637,0.216804207,0.190989088,0.468182536,0.1100,0.1071,0.1043,0.1015,0.0989,0.098435034,0.088206433,0.079040708,0.070827414,0.063467582,0.139349439,,,,
Oberon (A),LGA16100,0.417457306,0.418056214,0.418655983,0.419256611,0.419858101,0.419852941,0.514848546,0.631337785,0.774183789,0.949350021,0.03987052,0.1664,0.1582,0.1505,0.1431,0.1361,0.133823529,0.163252884,0.199154097,0.242950405,0.296378032,0.016106111,,,,
Orange (C),LGA16150,0.403323875,0.412127805,0.421123912,0.430316389,0.439709524,0.438539596,0.463637151,0.490171036,0.51822345,0.5478813,0.338149376,0.1804,0.1823,0.1843,0.1863,0.1883,0.188199602,0.197431723,0.207116725,0.217276824,0.227935326,0.15127112,,,,
Parkes (A),LGA16200,0.431006047,0.425000271,0.419078181,0.413238612,0.407480413,0.406982942,0.479950848,0.566001156,0.667479411,0.787151685,0.115111322,0.1495,0.1587,0.1685,0.1788,0.1898,0.18630064,0.219315875,0.2581819,0.303935561,0.357797449,0.054239697,,,,
Penrith (C),LGA16350,0.468109339,0.477270931,0.486611828,0.496135541,0.505845647,0.504755706,0.129266912,0.033104994,0.008478122,0.00217123,2.00671088,0.1116,0.1325,0.1573,0.1867,0.2217,0.195162408,0.045350452,0.010538215,0.002448796,0.000569034,0.794410232,,,,
Port Macquarie-Hastings (A),LGA16380,0.475873544,0.442678551,0.411799105,0.383073682,0.356352028,0.343093571,0.286991075,0.240062433,0.20080754,0.167971587,0.567503553,0.1439,0.1491,0.1545,0.1601,0.1659,0.164716251,0.136240332,0.112687291,0.093206067,0.077092731,0.278619927,,,,
Port Stephens (A),LGA16400,0.41465311,0.410475325,0.406339633,0.402245609,0.398192835,0.39794197,0.354525205,0.31584535,0.281385593,0.250685508,0.571609032,0.1641,0.1650,0.1659,0.1668,0.1677,0.167678812,0.148371609,0.131287513,0.116170548,0.10279421,0.244907627,,,,
Queanbeyan-Palerang Regional (A),LGA16490,0.496119119,0.493448915,0.490793083,0.488151545,0.485524224,0.485438303,0.466540497,0.448378371,0.430923284,0.414147713,0.561029528,0.1457,0.1454,0.1451,0.1449,0.1446,0.144600189,0.140425745,0.136371813,0.132434914,0.128611668,0.161297963,,,,
Randwick (C),LGA16550,0.368776037,0.390262312,0.413000459,0.437063415,0.46252837,0.454721139,0.280504692,0.173035462,0.106740714,0.065845347,1.151586926,0.2079,0.1945,0.1819,0.1702,0.1592,0.154195626,0.102305562,0.067877594,0.045035359,0.029880016,0.361755882,,,,
Richmond Valley (A),LGA16610,0.487496322,0.458577481,0.431374138,0.405784529,0.381712925,0.371820956,0.422556868,0.480215824,0.54574249,0.620210436,0.168877309,0.0871,0.1149,0.1517,0.2003,0.2644,0.198541879,0.224926125,0.254816575,0.28867917,0.327041767,0.093004895,,,,
Rockdale (C),LGA16650,0.435406699,0.446084445,0.457024048,0.46823193,0.47971467,0.478117684,0.342081023,0.244750257,0.175112574,0.125288586,1.02226433,0.1388,0.1441,0.1496,0.1553,0.1612,0.159980955,0.115794131,0.083811731,0.060662887,0.043907766,0.336728249,,,,
Ryde (C),LGA16700,0.448089888,0.461565461,0.475446291,0.489744564,0.504472835,0.501992183,0.33183651,0.219356941,0.145003536,0.095853021,1.182614874,0.1236,0.1266,0.1297,0.1329,0.1361,0.135658179,0.094430611,0.06573242,0.04575583,0.03185028,0.300568451,,,,
Shellharbour (C),LGA16900,0.404992729,0.420135809,0.435845104,0.452141786,0.469047816,0.46556505,0.413631664,0.367491403,0.326498049,0.290077468,0.673298595,0.1660,0.1719,0.1779,0.1842,0.1907,0.189462962,0.165574952,0.144698808,0.126454786,0.11051102,0.285015001,,,,
Shoalhaven (C),LGA16950,0.417933131,0.399762553,0.382381983,0.365757071,0.349854965,0.345250822,0.255067395,0.188440902,0.139218003,0.102852684,0.705984526,0.1520,0.1576,0.1635,0.1696,0.1759,0.17460506,0.128784511,0.094988371,0.070061148,0.051675425,0.357887257,,,,
Singleton (A),LGA17000,0.40616622,0.428940925,0.452992663,0.478393039,0.505217674,0.497265042,0.565209915,0.64243858,0.73021955,0.82999466,0.225485552,0.1635,0.1572,0.1511,0.1453,0.1397,0.138239682,0.155469743,0.174847342,0.196640146,0.221149185,0.069319438,,,,
Snowy Valleys (A),LGA17080,0.430326797,0.424609104,0.418967381,0.413400619,0.407907822,0.407456025,0.482180445,0.570608771,0.675254197,0.799090821,0.108558345,0.1284,0.1320,0.1357,0.1395,0.1434,0.142819638,0.167293693,0.195961705,0.229542364,0.268877518,0.044923417,,,,
Strathfield (A),LGA17100,0.39683018,0.430207934,0.466393121,0.505621879,0.548150203,0.530341195,0.561000077,0.59343134,0.627737446,0.664026779,0.407705669,0.1724,0.1662,0.1603,0.1545,0.1490,0.147698649,0.157700842,0.168380386,0.179783151,0.191958115,0.107689878,,,,
Tamworth Regional (A),LGA17310,0.434692467,0.424901939,0.415331921,0.405977448,0.396833665,0.395530354,0.376715958,0.358796516,0.341729458,0.325474237,0.470787936,0.1334,0.1474,0.1629,0.1800,0.1988,0.189392929,0.179224976,0.169602911,0.160497426,0.151880788,0.23006474,,,,
Temora (A),LGA17350,0.428449744,0.418451446,0.408686467,0.399149364,0.389834819,0.38845655,0.473372677,0.576851365,0.702950369,0.85661446,0.048792042,0.1394,0.1414,0.1433,0.1453,0.1474,0.147211414,0.179277176,0.218327539,0.265883899,0.32379904,0.018948366,,,,
Tenterfield (A),LGA17400,0.401028278,0.384816792,0.369260653,0.354333367,0.340009514,0.336182336,0.410694524,0.501721755,0.612924461,0.748774378,0.038133586,0.1650,0.1652,0.1654,0.1656,0.1658,0.165811966,0.201876516,0.245785203,0.299244147,0.364330557,0.021553766,,,,
The Hills Shire (A),LGA17420,0.5557141,0.564951384,0.574342212,0.583889139,0.593594758,0.592663234,0.219729247,0.081464379,0.030202829,0.011197666,2.084399179,0.1566,0.1437,0.1319,0.1210,0.1110,0.105007735,0.045814382,0.0199886,0.008720933,0.003804902,0.341781146,,,,
Tweed (A),LGA17550,0.460443764,0.434846779,0.41067278,0.387842663,0.366281717,0.358055821,0.274922532,0.211091104,0.162080037,0.124448345,0.690588978,0.1045,0.1254,0.1504,0.1804,0.2163,0.187896705,0.146662291,0.114476875,0.089354631,0.069745528,0.35283436,,,,
Upper Hunter Shire (A),LGA17620,0.457159624,0.450041794,0.443034785,0.436136874,0.42934636,0.428688301,0.506431196,0.598272814,0.706769967,0.834943148,0.117716722,0.1065,0.1153,0.1249,0.1352,0.1464,0.14180529,0.167071867,0.196840389,0.231913007,0.273234791,0.040738986,,,,
Upper Lachlan Shire (A),LGA17640,0.416048074,0.410402889,0.404834302,0.399341273,0.393922777,0.393467337,0.476201769,0.576332782,0.697518358,0.844185641,0.062529607,0.1472,0.1411,0.1352,0.1295,0.1241,0.122613065,0.148568716,0.180018853,0.21812659,0.264301257,0.018790463,,,,
Uralla (A),LGA17650,0.418151642,0.421870612,0.425622658,0.429408075,0.433227158,0.433027523,0.528829801,0.645827213,0.788708935,0.963201568,0.049818411,0.1449,0.1420,0.1392,0.1364,0.1337,0.133333333,0.162028265,0.196898689,0.239273647,0.290768203,0.018553608,,,,
Wagga Wagga (C),LGA17750,0.384244373,0.396259211,0.408649737,0.4214277,0.434605213,0.432303724,0.409241174,0.387408965,0.366741462,0.347176529,0.524553924,0.1785,0.1775,0.1766,0.1757,0.1748,0.174747007,0.16346376,0.152909062,0.14303587,0.133800181,0.219879994,,,,
Walgett (A),LGA17900,0.432432432,0.414710242,0.397714352,0.381414997,0.365783632,0.36154367,0.443580463,0.544231981,0.667722033,0.819232844,0.033396495,0.1273,0.1538,0.1860,0.2248,0.2718,0.233581584,0.284733178,0.347086364,0.423094157,0.515746754,0.028975209,,,,
Warrumbungle Shire (A),LGA18020,0.390163934,0.384377195,0.378676282,0.373059922,0.367526862,0.367016977,0.443375673,0.535620967,0.647058098,0.781679972,0.061582189,0.1680,0.1651,0.1623,0.1595,0.1567,0.156426839,0.187914727,0.225740958,0.271181408,0.325768779,0.030475288,,,,
Waverley (A),LGA18050,0.406774669,0.411766015,0.416818608,0.421933199,0.427110549,0.426740054,0.400095682,0.375114905,0.351693853,0.329735141,0.533317543,0.1514,0.1440,0.1370,0.1304,0.1240,0.12192573,0.117885609,0.11397936,0.110202549,0.106550886,0.138086215,,,,
Wentworth (A),LGA18200,0.424769703,0.417151103,0.409669149,0.402321389,0.395105418,0.394295302,0.479546058,0.583228916,0.709329089,0.862693434,0.053292279,0.1300,0.1330,0.1361,0.1393,0.1425,0.142058166,0.172500071,0.209465429,0.254352162,0.308857755,0.020290542,,,,
Western Plains Regional (A),LGA18230,0.428243886,0.42555005,0.422873159,0.420213107,0.417569788,0.417468542,0.421665932,0.425905523,0.430187742,0.434513015,0.400678983,0.1927,0.1940,0.1954,0.1968,0.1982,0.198124846,0.198686375,0.199249495,0.199814212,0.200380529,0.19587873,,,,
Willoughby (C),LGA18250,0.456081081,0.470642351,0.485668518,0.501174424,0.517175386,0.514326161,0.439785168,0.376047359,0.321547033,0.274945408,0.812490131,0.0986,0.1054,0.1126,0.1203,0.1286,0.125651189,0.109811499,0.095968574,0.083870698,0.073297891,0.189009948,,,,
Wingecarribee (A),LGA18350,0.381583969,0.384525015,0.387488729,0.390475285,0.39348486,0.393348152,0.393351067,0.393353982,0.393356897,0.393359813,0.393336491,0.1729,0.1674,0.1620,0.1568,0.1518,0.150736807,0.152912562,0.155119721,0.157358738,0.159630074,0.142033791,,,,
Wollondilly (A),LGA18400,0.407480315,0.438355668,0.471570489,0.507302043,0.545741028,0.530981725,0.52631203,0.521683402,0.51709548,0.512547906,0.549660508,0.1465,0.1441,0.1418,0.1396,0.1373,0.137101572,0.138710773,0.14033886,0.141986057,0.143652588,0.130664772,,,,
Wollongong (C),LGA18450,0.436474164,0.439928723,0.443410623,0.446920081,0.450457316,0.450292398,0.095136932,0.020100352,0.004246765,0.000897248,1.870914259,0.1173,0.1323,0.1492,0.1683,0.1898,0.177321836,0.038701876,0.008446987,0.001843621,0.000402385,0.731801674,,,,
Woollahra (A),LGA18500,0.395833333,0.401159775,0.406557891,0.412028646,0.417573016,0.417139101,0.411602307,0.406139004,0.400748217,0.395428983,0.439286278,0.1577,0.1480,0.1389,0.1303,0.1223,0.118807,0.117757132,0.116716541,0.115685145,0.114662864,0.123006474,,,,
Yass Valley (A),LGA18710,0.415924363,0.431805458,0.448292935,0.465409948,0.483180534,0.479448743,0.558177184,0.649833322,0.756539963,0.880768492,0.164534976,0.1330,0.1260,0.1194,0.1132,0.1073,0.105174081,0.122131584,0.141823191,0.164689728,0.1912431,0.037344071,,,,
