LGA,region_id,Jan-99,Feb-99,Mar-99,Apr-99,May-99,Jun-99,Jul-99,Aug-99,Sep-99,Oct-99,Nov-99,Dec-99,Jan-00,Feb-00,Mar-00,Apr-00,May-00,Jun-00,Jul-00,Aug-00,Sep-00,Oct-00,Nov-00,Dec-00,Jan-01,Feb-01,Mar-01,Apr-01,May-01,Jun-01,Jul-01,Aug-01,Sep-01,Oct-01,Nov-01,Dec-01,Jan-02,Feb-02,Mar-02,Apr-02,May-02,Jun-02,Jul-02,Aug-02,Sep-02,Oct-02,Nov-02,Dec-02,Jan-03,Feb-03,Mar-03,Apr-03,May-03,Jun-03,Jul-03,Aug-03,Sep-03,Oct-03,Nov-03,Dec-03,Jan-04,Feb-04,Mar-04,Apr-04,May-04,Jun-04,Jul-04,Aug-04,Sep-04,Oct-04,Nov-04,Dec-04,Jan-05,Feb-05,Mar-05,Apr-05,May-05,Jun-05,Jul-05,Aug-05,Sep-05,Oct-05,Nov-05,Dec-05,Jan-06,Feb-06,Mar-06,Apr-06,May-06,Jun-06,Jul-06,Aug-06,Sep-06,Oct-06,Nov-06,Dec-06,Jan-07,Feb-07,Mar-07,Apr-07,May-07,Jun-07,Jul-07,Aug-07,Sep-07,Oct-07,Nov-07,Dec-07,Jan-08,Feb-08,Mar-08,Apr-08,May-08,Jun-08,Jul-08,Aug-08,Sep-08,Oct-08,Nov-08,Dec-08,Jan-09,Feb-09,Mar-09,Apr-09,May-09,Jun-09,Jul-09,Aug-09,Sep-09,Oct-09,Nov-09,Dec-09,Jan-10,Feb-10,Mar-10,Apr-10,May-10,Jun-10,Jul-10,Aug-10,Sep-10,Oct-10,Nov-10,Dec-10,Jan-11,Feb-11,Mar-11,Apr-11,May-11,Jun-11,Jul-11,Aug-11,Sep-11,Oct-11,Nov-11,Dec-11,Jan-12,Feb-12,Mar-12,Apr-12,May-12,Jun-12,Jul-12,Aug-12,Sep-12,Oct-12,Nov-12,Dec-12,Jan-13,Feb-13,Mar-13,Apr-13,May-13,Jun-13,Jul-13,Aug-13,Sep-13,Oct-13,Nov-13,Dec-13,Jan-14,Feb-14,Mar-14,Apr-14,May-14,Jun-14,Jul-14,Aug-14,Sep-14,Oct-14,Nov-14,Dec-14,Jan-15,Feb-15,Mar-15,Apr-15,May-15,Jun-15,Jul-15,Aug-15,Sep-15,Oct-15,Nov-15,Dec-15
Albury,LGA10050,10,14,4,2,9,10,15,17,8,5,14,15,17,17,14,11,21,12,13,6,10,22,20,18,23,9,17,17,16,17,10,23,14,19,11,16,23,9,16,24,10,14,24,20,23,30,21,22,30,25,25,21,21,13,19,19,15,8,20,31,19,17,22,5,15,16,20,12,21,19,21,20,20,17,17,18,11,20,23,25,18,16,17,20,23,15,23,21,17,17,34,22,18,22,14,45,24,25,25,18,18,16,19,31,28,19,21,28,21,27,13,17,16,35,23,24,21,13,20,28,28,29,18,17,14,12,22,21,27,12,21,18,17,21,15,14,13,17,23,10,22,22,23,19,23,13,21,15,20,25,22,12,24,21,21,18,27,15,19,20,16,21,21,29,24,21,15,25,21,21,18,16,28,21,21,25,22,29,23,32,40,29,26,17,22,24,18,30,23,23,25,27,32,23,15,17,34,30,17,18,22,14,25,21
Armidale Dumaresq,LGA10110,9,9,7,3,9,1,12,6,8,4,6,4,4,4,7,14,18,2,2,7,12,1,4,11,9,7,7,8,4,17,7,6,4,8,10,5,6,4,8,6,9,15,7,10,4,11,6,7,11,5,5,7,9,8,5,7,11,2,6,8,10,7,9,7,8,3,7,10,14,6,5,7,4,8,3,7,7,5,6,2,8,5,6,12,9,9,8,11,6,12,5,5,5,11,13,8,16,10,14,8,10,8,9,16,9,8,10,16,20,15,6,14,14,4,7,13,5,12,9,11,15,13,9,5,10,11,10,8,10,7,7,8,9,6,6,7,15,15,11,6,14,9,9,16,16,12,15,8,11,11,9,9,9,19,11,15,14,12,17,12,13,9,8,16,19,17,11,10,11,16,14,11,22,11,11,17,10,15,16,11,12,6,10,9,14,20,10,14,13,18,21,20,18,10,18,14,19,13,17,16,4,10,7,16
Ashfield,LGA10150,10,10,9,12,4,4,3,5,1,2,5,3,8,4,11,5,7,6,10,5,3,8,7,6,11,8,4,7,8,8,8,4,4,8,11,10,6,5,10,4,14,13,8,7,11,6,10,9,8,11,6,10,5,9,12,5,8,4,2,14,16,8,12,16,9,4,11,7,14,14,9,16,14,6,10,6,6,4,11,16,9,10,10,6,19,4,9,7,12,10,5,6,10,7,11,16,12,13,8,8,10,13,5,3,11,10,11,6,11,4,8,6,3,3,10,10,5,8,10,13,6,5,14,10,4,2,3,6,10,7,6,8,13,6,10,5,13,6,6,6,12,5,5,14,10,17,10,5,7,9,7,11,9,15,4,7,6,1,7,16,6,2,8,3,9,4,11,9,7,8,14,8,10,4,13,9,7,8,15,5,8,1,7,4,9,16,11,6,8,11,17,9,8,5,11,10,11,10,9,10,7,13,13,8
Auburn,LGA10200,17,12,12,6,10,5,8,8,15,15,12,13,12,14,11,11,7,6,12,10,10,18,16,11,16,12,8,16,12,14,8,8,9,12,17,12,14,3,16,12,10,19,11,12,8,17,19,14,11,19,10,12,12,15,12,16,12,9,24,15,7,12,11,14,11,12,5,9,14,26,11,8,17,20,15,7,8,11,6,9,5,12,9,14,16,27,14,15,16,10,12,11,18,13,19,15,20,18,15,13,11,15,17,26,11,19,17,15,25,24,30,13,19,17,24,21,19,20,11,21,27,26,27,17,22,27,26,26,18,34,12,15,34,22,25,26,14,36,20,18,29,30,18,25,21,29,22,20,24,24,18,23,26,23,24,20,28,26,31,29,20,22,33,34,21,30,33,43,29,32,35,22,24,30,30,35,30,28,33,38,26,34,34,39,29,23,31,26,31,29,22,26,42,29,26,21,28,15,22,20,17,26,32,26
Ballina,LGA10250,17,18,14,5,9,6,4,6,3,10,5,12,12,8,15,16,9,10,10,8,8,9,13,10,16,18,18,9,9,8,12,7,11,19,8,20,23,11,16,7,11,12,8,10,19,9,25,30,20,20,16,17,13,14,7,17,20,14,18,24,23,19,11,10,14,11,18,5,9,14,9,12,11,8,13,14,13,6,11,5,12,14,15,21,24,14,11,15,13,8,12,17,14,15,13,18,23,12,22,15,7,11,13,8,14,14,23,21,15,19,5,10,9,7,6,6,11,6,6,12,12,15,8,15,14,10,14,13,13,15,9,9,11,7,7,18,7,9,10,11,12,11,8,16,11,7,10,12,11,15,14,7,11,21,14,16,21,16,13,9,5,15,12,11,12,13,14,9,21,10,16,12,12,9,9,9,8,9,10,11,20,12,19,13,12,15,10,8,16,15,10,14,6,7,10,6,3,10,4,9,7,12,12,7
Bankstown,LGA10350,42,28,36,24,31,25,23,19,20,29,26,36,42,35,30,31,39,43,27,31,29,32,38,61,55,41,51,48,27,40,37,58,58,39,54,59,39,41,45,35,34,24,37,34,47,45,59,52,62,61,34,41,40,35,33,32,40,29,47,34,45,33,31,34,30,37,26,39,44,57,41,40,67,48,40,35,33,28,40,35,39,45,39,43,52,70,58,37,45,39,53,51,46,52,55,63,65,37,63,64,51,39,47,49,49,51,55,68,41,41,58,43,51,39,38,45,42,47,50,53,51,42,53,49,54,37,63,61,54,44,70,65,51,51,57,45,75,65,51,53,52,48,50,76,77,77,79,53,64,64,50,51,48,55,73,75,62,65,73,57,51,52,56,66,65,61,56,67,81,61,85,59,62,59,73,62,74,90,87,100,94,68,94,79,66,57,88,64,63,87,66,65,83,75,79,67,62,64,88,85,59,87,85,80
Bathurst Regional,LGA10470,7,5,12,7,2,10,10,13,6,7,18,11,13,21,17,13,5,4,4,9,5,5,13,10,20,15,10,8,9,14,11,12,10,12,4,12,16,8,11,5,9,5,9,5,11,11,13,17,19,9,12,10,14,14,15,9,3,16,19,23,13,14,15,22,20,13,12,14,16,26,19,30,20,15,21,8,16,17,7,11,15,12,23,26,11,16,25,17,16,15,22,3,14,12,18,21,22,18,17,16,22,16,12,4,12,25,14,20,12,23,25,16,31,22,16,15,15,15,17,19,28,14,21,8,20,22,12,22,21,17,16,22,18,14,11,10,16,10,15,11,14,31,15,28,20,25,13,21,15,11,16,16,22,28,12,20,27,18,7,15,16,15,9,17,19,12,20,12,19,11,17,16,12,15,10,14,24,16,22,19,20,16,17,25,19,14,22,24,21,12,21,27,21,21,12,16,13,14,17,20,14,26,11,19
Bega Valley,LGA10550,16,9,7,12,1,6,10,8,6,5,1,9,6,8,11,11,5,11,5,13,14,9,4,3,12,13,6,11,7,11,3,14,13,11,10,9,9,3,6,3,9,5,14,7,10,10,8,21,17,8,14,10,12,8,2,12,9,15,5,7,14,9,8,10,3,12,6,9,13,12,10,9,14,15,4,3,11,9,12,10,11,14,16,9,14,12,5,10,7,11,12,8,11,11,8,8,7,7,14,3,9,6,6,3,5,3,18,10,9,7,6,7,10,6,8,8,14,13,10,11,7,9,11,9,8,6,7,5,7,9,16,15,12,12,11,5,5,9,6,3,5,12,5,11,12,10,6,13,12,6,9,8,6,13,7,10,18,5,7,8,9,10,6,9,9,11,10,12,15,6,7,10,6,14,8,7,8,6,5,12,9,10,8,7,7,4,4,11,7,1,9,7,7,12,4,6,9,8,13,7,2,10,12,14
Bellingen,LGA10600,1,2,0,6,3,4,0,4,3,1,3,0,1,4,1,3,1,5,1,5,0,1,4,1,7,7,3,5,1,3,1,1,3,4,3,4,10,3,2,6,3,6,1,2,3,8,5,6,2,1,4,3,7,5,2,0,3,3,2,4,9,6,4,4,5,5,3,4,4,2,2,3,5,4,3,8,3,6,14,6,3,2,0,1,1,5,1,3,3,7,2,2,4,6,1,2,10,1,4,1,7,2,4,1,5,0,1,3,0,4,2,2,0,1,4,3,0,2,0,3,2,1,1,1,1,3,3,1,1,0,3,1,2,1,4,3,7,2,3,2,2,2,1,3,2,2,2,4,4,6,1,1,0,4,1,5,0,3,1,1,1,4,2,3,1,2,3,4,2,3,1,3,6,0,0,2,3,1,3,2,6,2,1,2,3,5,4,1,1,0,0,3,5,1,0,1,7,3,3,3,2,4,1,2
Berrigan,LGA10650,1,0,0,10,1,0,1,1,2,1,0,1,2,1,0,1,0,1,4,1,0,1,0,1,1,1,3,5,2,0,1,0,1,0,2,1,0,1,0,4,0,1,0,3,0,3,1,1,2,5,2,0,0,0,3,1,1,0,2,2,1,2,1,0,8,1,2,2,1,0,3,3,5,1,4,0,2,1,2,3,0,0,1,3,4,2,2,3,2,1,1,0,1,1,1,2,0,0,1,2,2,0,2,1,3,0,2,1,0,3,2,3,2,1,0,1,0,1,0,2,3,0,0,2,3,0,1,0,3,1,1,1,1,1,2,2,6,0,1,0,0,1,1,2,0,2,3,3,6,0,1,1,0,2,0,2,6,1,1,2,1,0,3,2,1,2,4,0,2,0,5,1,2,0,5,1,1,2,3,1,4,0,3,1,1,1,0,1,0,1,2,3,1,0,1,2,2,4,1,1,2,2,2,1
Blacktown,LGA10750,151,104,134,100,121,97,114,104,104,106,133,134,141,109,130,115,113,98,112,107,102,121,136,165,152,136,144,104,108,133,122,137,114,153,150,169,179,173,191,130,149,145,131,132,159,162,147,155,149,150,169,179,130,151,131,125,140,129,152,140,164,167,137,117,107,120,133,143,150,137,193,196,197,130,157,135,130,136,125,130,125,122,139,176,186,140,180,131,142,130,127,140,128,159,167,151,181,161,156,169,156,116,113,138,110,147,127,146,158,137,135,115,149,101,136,121,137,135,151,136,186,145,146,149,126,156,129,126,142,153,180,157,200,136,159,132,150,121,122,134,140,166,163,168,189,154,195,140,119,138,157,156,150,172,171,158,192,143,157,158,156,134,163,143,176,161,168,218,163,140,170,156,167,138,155,134,138,157,170,177,184,173,184,155,148,145,164,142,152,166,182,176,183,136,168,148,161,162,134,162,157,167,187,183
Bland,LGA10800,1,1,1,1,8,0,2,0,0,2,1,3,0,1,6,1,1,0,3,1,0,0,3,6,2,3,1,5,1,1,2,1,1,3,0,0,2,2,0,3,1,2,1,2,0,2,4,5,2,0,1,0,4,5,0,0,2,2,2,0,2,1,0,0,1,1,0,0,0,0,1,0,1,0,2,3,2,1,1,3,1,0,0,0,2,0,3,1,2,2,0,1,3,0,0,1,0,2,2,0,1,3,3,2,2,2,7,2,2,4,4,2,0,0,4,4,2,2,7,4,0,1,3,6,1,1,1,0,1,3,2,2,1,2,2,4,1,2,2,0,2,1,0,0,5,2,2,1,0,2,1,1,1,4,2,4,2,3,4,3,1,0,1,2,3,2,1,3,1,3,3,2,1,3,3,1,2,5,1,1,3,5,0,1,0,2,2,0,1,3,6,1,0,1,0,3,0,1,1,1,4,1,4,2
Blayney,LGA10850,3,3,1,2,0,0,0,1,0,2,0,1,0,0,1,1,0,0,0,0,1,1,0,2,2,1,1,2,1,1,1,0,1,2,0,1,1,2,1,1,6,3,1,1,0,0,4,1,3,1,1,1,0,1,0,1,1,0,1,0,1,3,0,2,1,1,1,4,2,0,1,3,2,3,0,1,2,0,2,0,3,0,1,3,1,3,1,2,2,2,2,0,1,5,0,1,4,3,3,2,2,5,1,1,3,1,1,2,3,2,3,4,2,0,5,2,0,1,3,2,0,0,1,1,3,2,2,3,1,1,0,3,3,1,0,1,0,2,1,2,0,0,2,1,0,2,1,0,2,1,2,2,1,1,2,3,1,3,0,1,2,3,2,3,3,0,3,2,2,2,1,3,1,1,1,5,1,2,1,1,2,2,2,0,3,2,2,2,3,2,2,4,0,0,1,2,2,5,5,1,1,1,2,1
Blue Mountains,LGA10900,16,12,16,5,11,8,8,16,9,9,13,8,14,13,12,16,13,8,11,6,15,15,18,19,21,12,15,17,9,13,10,12,18,13,14,26,8,20,18,10,14,12,14,19,13,20,18,26,24,15,22,23,20,15,18,8,15,9,21,25,14,12,11,4,11,15,13,15,17,10,25,23,21,17,11,14,20,17,19,16,29,19,18,20,22,22,20,14,18,13,18,10,18,16,14,27,29,22,25,20,21,31,16,16,15,10,21,22,19,22,19,18,20,18,11,12,15,19,20,15,15,16,17,21,26,15,13,13,18,20,19,30,28,23,17,20,17,11,15,24,24,22,22,37,29,32,34,27,21,26,22,15,22,18,27,24,11,19,27,16,24,17,20,21,23,16,17,21,35,8,23,14,23,16,24,21,14,28,17,19,26,12,9,11,23,16,17,14,15,22,16,22,18,12,23,25,22,16,12,21,13,18,13,20
Bogan,LGA10950,0,0,2,2,3,0,0,1,0,1,2,1,2,6,0,2,1,1,2,1,4,1,1,2,5,2,3,0,1,0,1,0,1,1,0,4,0,2,1,1,2,1,0,2,3,0,2,3,3,1,6,0,1,0,0,2,2,2,0,0,3,2,1,0,2,1,0,2,1,0,1,2,5,1,3,2,4,1,3,1,3,2,0,1,1,1,1,2,0,3,0,3,1,3,2,6,3,1,0,1,4,0,1,1,2,1,1,4,0,2,1,1,3,1,1,1,3,5,2,2,3,3,3,1,1,5,0,1,1,2,0,2,5,1,0,2,1,3,5,2,3,2,2,3,2,2,1,4,2,0,0,3,3,4,2,0,1,2,1,3,1,2,1,0,2,3,4,2,0,1,0,2,3,3,0,1,0,2,2,9,1,6,2,4,3,8,4,2,0,0,3,0,6,8,1,0,1,2,4,3,0,3,3,4
Botany Bay,LGA11100,8,8,9,7,11,8,9,16,14,13,10,15,13,7,12,13,8,9,14,9,14,11,14,8,16,15,16,8,11,4,12,12,7,9,10,10,14,10,14,11,4,8,7,19,5,16,15,12,19,9,13,7,8,6,8,7,8,5,14,13,8,5,13,9,11,16,17,7,11,7,6,10,11,4,8,14,14,12,13,10,9,11,10,9,9,11,19,12,5,8,11,5,7,6,10,13,16,21,13,9,20,5,2,8,18,17,14,18,3,12,16,5,12,8,10,7,18,7,11,16,10,11,9,3,6,10,21,16,9,9,6,8,8,6,18,9,10,14,10,5,10,15,10,11,17,16,9,10,11,8,12,7,13,9,11,6,14,7,17,7,16,10,9,7,12,10,15,19,16,5,11,7,9,7,4,6,9,14,7,10,13,11,9,17,9,10,4,6,8,4,9,10,15,9,11,10,12,5,15,7,5,8,10,14
Bourke,LGA11150,11,6,11,6,12,9,11,9,11,13,15,12,18,9,15,11,9,8,9,8,7,11,17,17,17,15,16,6,14,5,15,12,8,17,16,11,15,14,15,9,12,10,8,10,10,10,10,19,27,22,14,12,7,13,2,2,13,7,13,15,12,15,14,11,13,15,16,12,8,16,8,14,15,17,23,8,14,12,10,12,17,14,11,15,8,15,18,11,10,6,14,11,9,8,9,9,14,6,10,6,5,8,10,11,5,11,7,15,11,6,8,8,14,13,5,4,11,10,17,7,23,7,9,6,6,8,3,11,16,10,5,14,7,9,13,11,7,7,11,9,4,8,11,17,12,7,10,12,10,6,14,11,10,16,18,9,10,5,8,15,9,12,10,14,7,17,11,17,22,11,11,9,4,10,5,15,7,15,13,17,8,15,12,6,14,9,5,12,9,7,14,13,17,15,3,5,19,8,7,8,13,11,11,18
Broken Hill,LGA11250,12,15,4,8,12,9,11,5,12,15,15,10,14,9,10,8,13,13,15,11,6,17,13,21,19,13,11,13,15,11,27,12,22,16,10,22,19,21,19,16,12,15,22,22,14,16,20,32,35,32,29,18,31,22,16,28,15,20,20,18,14,7,12,14,11,11,13,12,10,8,10,9,8,7,14,10,10,6,9,18,12,12,10,13,17,12,13,17,10,5,11,14,12,19,16,22,29,12,18,10,13,9,13,10,8,14,12,11,19,15,17,8,12,16,10,12,18,16,20,11,14,9,19,24,11,14,15,12,13,12,15,16,14,4,18,9,14,16,13,17,12,22,7,20,12,11,20,23,13,16,24,15,13,14,15,15,11,8,12,9,18,12,4,11,10,12,10,17,24,18,13,12,12,8,20,11,10,15,11,15,20,12,22,10,11,4,13,14,15,11,19,18,29,25,6,8,18,11,10,16,11,18,15,12
Burwood,LGA11300,4,6,2,5,4,4,2,4,4,3,6,5,4,3,5,9,5,4,4,2,5,4,3,7,7,2,3,2,6,2,7,6,0,5,3,2,6,2,5,4,4,6,4,4,5,5,5,4,7,8,2,2,5,6,4,2,7,7,9,5,9,6,6,6,2,3,11,4,10,9,7,5,7,7,8,6,5,3,3,3,3,5,5,2,5,6,7,7,4,3,7,5,6,5,10,5,7,9,3,8,5,6,8,4,3,5,5,6,1,7,10,3,5,7,10,7,7,8,6,8,8,7,2,3,4,6,4,6,8,6,13,8,11,8,8,8,7,13,11,9,7,11,4,8,7,8,7,4,7,6,8,8,5,9,14,5,6,6,3,7,4,8,6,8,3,6,7,12,7,5,10,4,7,7,4,5,4,5,7,9,6,6,4,3,6,10,5,7,8,1,10,6,3,5,10,7,7,6,7,4,8,7,7,5
Byron,LGA11350,8,8,5,10,12,7,9,5,7,1,7,6,10,6,6,14,6,8,2,8,5,20,13,14,15,2,6,8,3,11,2,5,12,16,9,10,7,12,5,6,7,6,10,7,9,6,10,10,16,7,10,4,7,7,8,5,11,9,9,10,8,10,4,9,7,3,5,4,8,11,9,10,13,6,7,5,7,4,7,6,9,6,5,8,8,13,10,10,6,6,8,10,8,14,9,8,11,4,13,13,5,6,11,6,6,4,4,6,12,7,15,7,5,5,11,13,7,8,7,14,24,9,8,9,9,6,8,8,7,4,9,10,9,9,8,5,7,8,5,14,4,9,8,13,8,0,8,6,7,9,6,9,4,13,7,8,14,7,14,12,12,9,12,8,12,6,9,11,13,8,9,10,7,10,8,6,10,11,13,13,21,13,12,10,11,7,7,8,16,14,9,7,8,8,13,11,5,4,8,5,5,8,7,8
Cabonne,LGA11400,2,2,2,3,1,1,1,2,5,3,1,8,1,4,3,4,4,4,0,1,0,1,1,1,4,2,5,1,0,2,2,4,1,5,2,2,7,2,1,0,4,3,2,2,5,3,3,2,6,2,5,1,0,2,1,1,4,2,1,1,9,2,5,1,3,2,3,5,2,4,5,5,4,2,0,6,3,1,1,1,3,1,2,6,2,3,2,2,3,0,1,2,4,2,2,7,4,2,4,4,3,1,4,1,1,3,2,0,2,1,7,1,3,4,3,1,1,2,2,1,6,1,3,5,3,2,2,4,3,1,8,6,8,2,4,2,5,4,0,3,4,4,0,3,4,2,4,3,0,1,5,6,6,6,0,4,3,1,2,3,4,9,1,2,4,2,8,3,7,2,4,1,3,2,5,1,5,3,3,5,5,4,4,6,3,1,5,3,6,5,8,5,6,2,2,1,5,7,5,6,3,0,6,6
Camden,LGA11450,15,4,8,6,10,10,3,5,5,11,9,9,4,8,7,6,3,4,6,5,6,8,9,18,11,14,15,9,9,11,7,15,4,9,7,11,17,9,5,5,10,14,9,6,13,11,11,9,18,12,14,8,6,15,8,10,15,18,10,13,13,10,18,10,4,17,11,5,12,17,13,15,11,12,7,17,8,3,7,11,13,11,7,14,8,11,10,9,14,12,10,9,10,13,17,13,12,7,11,10,6,10,5,12,7,12,8,16,16,12,14,11,4,11,7,7,16,22,6,12,17,13,14,9,6,12,17,16,6,24,7,22,17,15,8,15,16,17,15,16,13,10,17,21,18,20,7,14,16,11,12,18,20,16,11,16,13,14,12,12,8,9,4,8,18,18,16,19,15,11,12,17,10,10,20,4,12,12,14,19,14,17,27,14,16,10,19,11,9,17,16,21,24,17,18,33,32,7,14,15,16,22,23,21
Campbelltown,LGA11500,90,75,54,57,56,46,60,56,49,53,55,66,64,52,49,60,69,79,70,60,72,62,57,93,77,66,65,57,66,58,70,61,79,90,78,87,80,64,92,83,64,68,56,88,71,97,86,112,111,87,74,95,92,97,84,53,80,66,72,87,92,102,103,85,101,74,80,88,71,93,83,101,114,93,91,95,69,68,83,63,80,91,91,104,109,124,120,85,93,78,103,71,104,104,86,112,112,89,112,105,81,86,69,76,83,88,105,102,112,76,87,66,67,71,72,81,82,92,84,100,103,111,110,90,101,78,84,94,80,82,89,90,99,99,91,77,88,92,90,71,71,71,81,108,111,82,99,69,78,75,64,69,77,82,101,78,99,77,70,81,81,58,69,79,63,84,76,73,116,79,78,60,61,62,82,59,73,83,85,124,84,82,94,79,82,87,67,73,80,83,102,85,99,73,85,76,60,75,62,63,66,59,84,81
Canada Bay,LGA11520,7,7,5,6,6,4,9,6,4,10,6,5,12,11,6,3,8,8,4,5,11,8,10,4,9,12,10,5,7,2,7,5,7,8,12,12,5,8,6,5,11,8,14,6,4,10,10,6,5,6,6,8,5,6,8,7,5,12,3,4,7,3,17,6,9,12,7,7,4,9,11,11,6,10,7,7,6,8,10,3,6,8,10,9,9,7,4,8,13,4,11,4,12,9,7,12,9,6,10,7,11,4,5,2,13,11,6,5,7,7,9,3,8,8,8,13,9,11,10,9,8,15,13,16,7,4,9,16,9,13,7,15,13,9,11,10,7,13,2,6,5,9,7,9,13,6,10,8,13,8,7,12,9,10,17,7,8,13,11,12,8,9,8,4,8,7,11,8,15,4,15,8,10,12,8,13,14,9,13,14,16,19,10,8,14,7,7,12,13,11,19,14,5,10,10,6,9,14,10,12,13,11,12,10
Canterbury,LGA11550,30,18,27,14,20,20,18,19,22,12,16,29,29,9,25,8,15,12,17,29,20,18,17,37,33,21,22,35,18,21,24,24,25,28,21,39,31,15,24,27,19,26,24,19,24,28,24,41,33,29,25,26,36,37,30,23,31,28,30,35,22,41,25,30,19,20,23,33,20,30,25,38,32,28,37,23,26,26,36,19,26,33,37,34,24,31,30,27,22,24,18,25,19,28,18,29,38,36,27,28,21,34,27,23,20,35,30,26,39,27,32,33,49,31,31,21,28,32,39,40,35,41,36,25,26,23,26,27,29,32,34,42,48,29,36,38,33,24,25,33,28,39,46,58,46,30,45,43,49,20,46,29,29,37,23,48,46,40,48,51,42,21,40,46,46,31,30,43,40,26,43,27,28,30,26,32,37,39,43,46,46,35,48,35,42,40,35,48,30,49,63,46,54,38,39,39,36,29,30,42,39,35,52,54
Cessnock,LGA11720,14,20,9,8,9,6,11,14,13,10,14,13,10,10,16,10,15,17,23,22,20,19,18,25,20,29,20,10,17,12,18,17,24,14,24,20,25,20,18,17,15,16,5,17,18,19,22,13,22,18,19,16,20,18,18,21,26,17,13,13,18,17,15,18,18,22,20,15,12,22,11,15,21,21,24,26,25,21,26,35,14,44,29,37,28,24,22,25,26,12,23,34,32,33,27,22,32,21,27,28,24,18,24,24,9,21,24,18,24,16,23,12,7,19,23,21,25,21,30,25,21,30,33,15,19,13,30,24,12,23,27,22,32,22,21,10,17,19,25,19,12,20,29,32,31,30,24,20,16,21,24,29,30,13,24,25,41,24,15,26,19,28,17,28,30,22,23,28,42,36,30,25,23,38,30,23,29,37,33,40,42,28,40,18,28,17,27,21,31,36,33,32,31,39,41,19,33,24,26,30,31,29,43,40
Clarence Valley,LGA11730,18,19,12,8,7,13,10,14,17,12,10,16,14,11,26,11,14,12,13,13,13,15,13,21,26,11,11,4,10,18,19,12,19,13,9,22,23,18,18,13,5,20,15,17,21,16,12,19,21,19,16,17,27,12,15,17,13,22,17,23,22,21,16,17,12,16,19,25,12,13,16,18,21,15,15,11,10,16,11,20,20,19,16,24,19,17,10,22,18,18,11,10,13,18,12,15,19,13,19,17,11,11,17,4,4,8,14,17,20,15,11,7,7,9,19,14,13,15,12,25,9,15,12,8,11,18,12,6,9,8,7,10,20,9,6,13,10,9,14,18,17,13,8,20,22,12,13,17,14,12,12,11,15,12,11,18,22,14,11,14,10,13,18,14,14,10,16,32,22,17,18,17,16,23,10,25,22,19,14,14,21,11,14,12,14,17,11,19,11,22,21,20,18,19,14,22,17,12,16,20,18,20,20,19
Cobar,LGA11750,5,1,2,1,0,4,1,1,5,9,8,1,4,0,1,1,1,2,1,3,2,1,1,1,4,2,1,2,0,1,4,1,5,1,6,5,5,6,5,3,0,1,6,5,4,4,1,3,5,3,0,1,4,3,2,5,3,4,2,4,3,2,5,4,1,2,3,1,4,4,6,1,1,4,2,4,0,3,4,2,4,1,3,1,5,4,1,3,3,4,2,4,5,3,3,2,2,4,2,3,2,2,6,2,0,5,2,9,3,1,2,0,5,6,2,2,3,6,3,6,3,2,3,3,2,1,4,2,3,1,0,0,1,1,2,1,2,5,4,3,1,2,6,3,5,3,3,0,4,1,7,3,2,3,3,6,5,2,2,0,4,3,1,4,5,2,2,2,2,5,2,2,1,4,1,6,2,3,2,7,3,7,1,3,1,2,6,1,1,7,6,2,5,5,3,7,3,2,6,4,5,1,7,1
Coffs Harbour,LGA11800,30,24,24,23,18,25,24,21,28,19,31,29,42,20,26,27,34,21,27,29,13,31,25,29,27,25,32,23,24,22,25,20,22,35,26,31,24,20,15,25,20,16,29,21,20,22,34,31,29,20,24,20,20,18,22,35,17,27,32,47,29,24,21,33,39,31,31,26,29,22,35,27,33,20,24,18,26,23,24,22,39,29,20,27,28,24,24,24,32,33,12,11,22,21,17,24,25,34,27,24,20,20,18,13,24,25,21,22,26,15,24,22,27,23,24,32,24,34,32,31,28,27,23,27,36,23,21,26,32,27,19,34,31,23,33,16,19,24,32,32,33,27,26,38,42,27,26,19,23,23,13,23,34,23,41,39,32,32,29,39,26,33,31,31,39,43,42,52,52,39,38,31,25,37,32,24,28,46,34,55,51,28,43,38,40,45,33,36,40,25,45,77,68,32,33,29,42,29,25,38,25,45,37,45
Coolamon,LGA12000,0,0,0,0,0,1,0,0,0,0,0,1,0,0,4,2,3,1,0,0,0,0,0,1,1,1,2,4,0,1,2,1,0,2,1,0,1,0,1,0,0,1,0,0,2,1,1,2,2,2,2,1,1,1,2,2,3,0,2,1,0,0,1,1,0,0,0,1,0,0,1,1,2,0,0,2,2,0,0,2,1,3,4,0,1,6,1,1,0,1,0,2,1,1,0,1,0,0,2,0,1,2,1,0,1,0,1,0,3,1,2,5,2,2,0,0,0,1,1,0,1,0,1,1,1,1,1,4,0,1,0,0,0,1,3,0,3,0,0,0,0,1,0,0,3,0,0,0,0,0,0,3,1,1,1,0,2,2,0,0,0,0,4,1,2,0,0,2,1,0,0,0,3,0,2,0,0,0,1,1,0,0,0,1,0,0,1,0,0,1,3,2,2,0,0,1,1,0,1,0,2,2,0,2
Cooma-Monaro,LGA12050,5,0,2,0,2,1,4,1,2,0,1,3,6,1,1,2,0,1,2,2,0,2,3,2,1,2,1,2,1,1,3,0,1,2,1,2,7,0,1,6,0,1,1,0,2,1,1,4,2,1,2,2,2,2,5,3,2,2,2,2,0,3,1,0,2,2,3,4,2,1,4,5,3,5,1,3,0,3,1,0,3,2,0,5,1,1,2,3,2,2,4,2,1,1,2,4,4,2,3,3,0,2,0,1,2,2,6,5,0,6,4,2,4,3,6,4,6,2,2,2,5,5,6,0,2,3,0,3,4,1,2,1,3,1,1,2,1,3,2,3,2,1,0,0,2,0,4,7,4,3,6,9,6,3,2,8,4,5,1,3,3,1,1,7,3,4,2,0,2,1,5,4,2,3,3,0,0,4,4,11,1,1,1,0,0,1,2,0,1,2,2,0,2,1,2,1,1,3,2,0,0,2,2,5
Coonamble,LGA12150,6,2,5,11,6,1,4,2,5,3,3,4,4,1,3,2,2,5,5,4,5,5,7,4,7,2,6,3,10,8,3,6,8,7,6,5,11,1,6,5,4,4,10,6,8,3,7,6,13,4,6,3,5,5,4,2,1,7,4,5,4,5,3,2,3,3,8,5,8,7,14,7,11,9,7,4,4,6,5,3,4,6,4,8,15,11,7,1,5,6,3,9,5,8,4,9,4,7,6,4,9,4,1,2,5,2,1,3,5,1,2,1,6,1,4,3,1,2,4,2,8,2,3,1,6,2,2,2,2,3,4,5,3,2,7,1,3,2,4,6,3,5,2,5,6,4,3,8,1,2,6,3,4,11,5,3,6,6,11,3,1,3,7,1,1,1,8,7,11,5,6,9,1,3,5,5,2,3,1,6,11,5,9,8,8,2,2,3,1,4,1,13,1,2,3,8,1,7,5,4,4,6,9,4
Cootamundra,LGA12200,4,1,3,1,5,1,1,1,0,0,3,5,2,5,6,4,3,0,3,6,1,0,2,4,4,2,3,3,2,3,4,0,1,3,1,1,1,1,4,2,1,0,3,5,5,3,7,9,6,4,0,2,5,1,4,3,3,6,1,5,7,1,5,1,3,2,4,1,1,1,1,4,7,0,6,4,1,3,6,1,1,2,3,6,4,4,6,0,1,1,1,3,3,3,3,4,6,5,3,2,1,2,3,0,0,4,4,4,2,4,1,1,3,0,4,0,0,2,7,1,2,3,0,4,4,1,5,0,3,7,2,2,3,8,1,4,6,2,2,3,8,4,3,1,3,2,1,4,4,5,2,5,4,11,4,3,3,3,2,3,4,1,1,1,1,4,8,8,4,2,5,2,2,6,3,3,4,6,1,4,3,5,3,1,4,3,2,5,5,1,1,4,4,3,3,2,2,4,2,4,2,5,6,5
Corowa Shire,LGA12300,3,3,2,1,4,1,0,1,2,9,2,2,0,1,4,0,4,0,2,0,4,2,3,2,2,1,3,1,4,1,3,3,1,3,4,1,2,8,1,3,0,1,1,3,1,5,4,2,5,4,1,2,1,2,0,4,1,0,6,1,5,3,1,3,0,2,3,0,3,4,4,1,4,2,4,0,4,4,4,4,9,3,1,3,3,4,3,3,6,3,5,1,3,4,7,4,3,8,5,2,2,1,0,3,3,2,1,2,3,3,2,3,4,2,1,3,3,4,4,5,5,2,6,2,3,0,6,2,5,1,2,7,0,1,3,4,1,9,3,3,4,3,1,5,1,0,2,3,3,2,4,2,2,6,2,4,2,2,4,1,1,3,1,0,1,8,0,2,4,5,8,1,1,3,1,2,3,7,6,7,6,3,1,4,1,0,4,4,5,2,1,7,1,2,5,1,3,4,8,0,4,4,1,4
Cowra,LGA12350,6,2,2,7,4,1,3,4,5,0,6,5,7,7,4,5,3,6,8,7,6,2,1,10,3,7,11,12,8,3,6,10,4,5,8,12,17,8,10,4,10,10,9,4,11,5,7,11,11,9,8,6,4,6,14,6,5,7,9,4,13,5,12,8,5,13,15,11,8,4,1,5,10,5,4,6,1,5,3,3,4,4,6,5,3,1,4,5,4,7,1,3,4,5,5,4,5,8,7,5,0,4,5,5,4,7,5,4,4,2,7,5,6,6,2,2,9,6,11,10,4,6,3,4,6,4,7,9,11,11,8,15,10,7,9,9,9,7,2,7,8,5,8,10,4,10,8,5,4,8,6,4,2,3,8,6,7,6,5,4,4,7,5,5,3,7,7,13,6,5,10,5,9,7,6,5,8,5,7,2,13,3,4,6,4,6,9,5,6,2,3,10,9,7,3,12,8,3,8,3,7,9,3,7
Deniliquin,LGA12500,3,4,3,3,1,1,2,4,4,0,1,0,4,4,3,4,2,3,1,0,0,5,5,4,9,9,1,3,0,1,7,3,6,5,4,8,7,2,3,5,7,3,5,3,0,6,3,3,1,2,8,2,2,3,1,1,4,3,5,5,7,1,6,4,5,2,3,0,3,2,1,2,5,3,3,1,1,0,6,3,3,4,3,3,8,0,5,0,8,4,1,2,6,6,1,5,2,4,5,2,1,3,2,1,6,2,1,4,7,4,1,3,2,7,6,1,2,2,2,5,3,2,4,3,3,2,5,4,6,1,3,2,8,4,6,5,2,2,6,1,4,4,0,8,7,1,3,1,1,3,3,3,4,5,2,3,3,4,3,4,5,2,5,3,9,6,8,1,3,1,6,2,5,3,7,7,4,5,2,12,7,0,3,2,3,2,3,3,6,4,7,3,2,1,3,2,4,0,5,5,4,1,4,4
Dubbo,LGA12600,18,21,15,10,7,6,14,12,10,17,11,12,23,19,14,16,11,16,17,20,15,21,7,22,11,26,19,23,14,12,12,15,17,17,18,18,22,23,25,28,37,31,22,36,39,45,33,39,36,35,46,35,45,45,31,34,34,42,33,43,37,34,34,27,20,44,37,29,38,40,24,30,51,33,34,30,26,18,24,18,31,28,29,35,35,25,24,26,20,19,21,18,33,30,25,34,23,20,36,23,25,22,17,30,36,30,18,31,24,27,11,34,23,14,17,28,12,34,28,33,25,18,17,27,27,12,19,29,21,18,21,27,35,27,39,27,26,14,23,24,19,31,30,24,34,28,27,20,23,20,16,41,19,29,28,20,22,25,20,32,21,26,34,30,24,22,29,26,32,36,30,21,23,22,20,40,37,28,27,27,23,36,22,24,28,21,28,27,27,41,30,34,45,26,27,28,30,17,16,24,31,28,41,30
Dungog,LGA12700,1,0,0,0,0,1,1,2,1,2,1,1,2,1,1,0,0,1,1,1,2,1,3,0,1,3,4,2,3,3,0,2,2,4,3,2,3,2,8,1,3,4,0,2,2,1,0,5,3,2,3,2,2,0,0,3,3,0,3,1,4,3,4,1,0,2,0,1,0,2,0,0,4,1,0,0,0,0,4,3,4,4,3,5,6,4,3,2,6,1,1,1,2,2,3,3,3,3,3,7,5,3,4,0,0,0,7,2,2,1,2,0,0,1,2,2,1,0,2,3,0,4,2,2,4,0,1,1,1,3,3,1,2,2,1,0,2,1,1,1,0,0,1,1,1,1,0,0,1,1,2,1,0,1,3,1,1,2,3,3,1,4,5,2,3,3,1,1,0,3,1,1,3,1,4,2,6,2,2,6,3,2,1,1,1,1,0,2,2,5,0,4,6,7,3,1,1,3,4,4,0,1,2,1
Eurobodalla,LGA12750,16,8,5,11,11,6,4,4,11,10,1,9,9,11,2,9,11,5,9,6,6,15,13,5,7,8,5,6,7,9,11,13,12,13,11,16,19,11,9,7,9,10,16,7,15,14,14,16,15,23,12,13,18,16,16,9,13,7,11,14,13,16,9,15,12,7,9,14,9,8,14,17,13,15,19,15,8,18,15,11,11,13,11,9,14,12,11,9,5,11,7,8,8,7,14,21,12,19,10,12,3,11,10,8,11,9,15,14,14,10,11,12,9,12,11,5,5,27,11,17,9,9,12,12,14,14,10,12,17,7,21,15,14,8,10,10,5,10,16,10,13,15,13,13,16,10,14,17,19,10,12,9,9,12,10,15,19,16,22,17,12,6,15,20,12,22,6,12,12,13,17,9,13,13,8,19,13,16,19,19,17,17,15,5,9,12,7,8,9,5,13,17,25,19,20,13,15,7,20,13,13,21,11,22
Fairfield,LGA12850,47,62,62,26,34,36,40,41,27,38,35,46,56,48,43,51,30,40,50,37,40,40,42,61,52,55,58,34,38,55,37,48,48,58,62,77,83,69,76,48,69,77,77,63,72,67,79,58,77,67,67,37,61,61,58,51,52,57,60,69,53,77,62,63,62,49,67,63,58,68,68,69,72,66,61,55,57,45,59,57,83,71,73,66,71,57,51,45,57,44,36,49,55,66,64,66,67,53,89,49,42,52,52,72,57,52,66,72,58,60,67,43,50,45,56,61,54,49,67,68,63,39,64,61,54,66,61,51,61,53,61,63,72,71,55,67,66,55,62,49,63,68,51,61,76,53,64,53,62,57,55,46,46,67,68,77,49,48,60,61,60,48,59,82,59,64,80,70,61,76,80,67,69,62,45,63,68,66,70,84,73,68,85,60,61,46,49,71,44,87,72,67,63,79,68,54,79,60,58,65,68,78,58,79
Forbes,LGA12900,2,10,2,3,4,3,6,0,5,3,0,4,1,5,1,5,2,3,6,4,8,3,2,2,2,4,1,4,2,1,6,6,6,9,5,3,2,1,3,8,2,3,3,3,3,4,7,1,2,3,3,8,1,8,2,3,3,4,7,5,6,1,3,5,3,2,4,6,1,1,5,2,6,4,3,0,4,7,7,1,3,4,4,9,5,2,6,4,5,4,4,7,9,2,4,5,9,12,12,15,9,8,8,1,9,6,3,5,7,3,6,4,6,9,6,3,8,5,6,2,8,10,4,2,10,5,6,9,3,7,7,5,17,5,7,8,8,6,6,4,3,7,9,4,9,14,3,7,5,7,4,6,8,5,5,4,12,10,4,2,3,5,5,9,6,6,5,9,7,5,4,4,4,4,3,5,10,8,3,7,15,10,6,4,6,3,4,5,5,5,10,8,6,11,11,9,5,4,3,5,3,7,12,8
Gilgandra,LGA12950,1,3,3,2,2,1,3,1,2,9,4,4,3,4,5,4,2,1,0,3,1,5,1,1,2,3,3,2,0,4,2,3,1,3,1,2,3,0,1,1,3,5,1,4,5,7,6,2,5,7,1,3,7,3,2,0,3,1,13,1,6,5,6,5,6,1,8,3,6,4,2,3,5,2,5,2,0,3,2,0,1,4,6,7,3,3,4,5,1,1,3,4,3,2,4,6,6,3,2,5,3,1,2,4,0,2,2,3,5,2,4,3,1,1,1,1,2,2,2,1,9,2,2,0,1,2,3,1,3,1,0,1,1,4,2,2,1,5,1,1,3,3,3,6,4,1,3,1,2,0,3,0,3,4,3,6,2,3,1,1,5,2,2,0,2,0,3,5,0,1,4,3,1,1,2,1,3,4,3,5,11,2,2,4,3,1,5,0,3,4,2,5,2,5,2,3,4,5,3,0,1,3,4,1
Glen Innes Severn,LGA13010,2,1,2,0,3,2,1,1,0,4,8,3,1,2,0,2,9,3,3,10,1,1,1,1,3,4,2,1,1,2,0,1,0,3,4,0,2,4,1,5,4,0,4,4,1,5,0,7,4,9,4,5,4,6,3,4,3,1,8,5,13,4,8,9,1,3,5,4,5,12,4,12,10,8,5,7,2,8,9,3,5,5,5,6,6,5,3,5,4,6,2,4,3,1,5,5,6,2,2,2,6,3,5,2,4,3,4,3,4,3,0,5,5,6,2,1,2,3,4,5,2,0,1,4,4,1,0,4,2,3,6,1,0,3,1,3,5,3,6,1,1,4,4,6,6,0,2,3,0,2,1,4,3,1,3,5,5,3,2,5,0,1,0,5,2,3,2,3,3,2,0,1,2,0,2,4,4,1,1,4,1,3,8,5,2,3,7,9,9,12,9,5,13,7,4,7,5,12,2,1,5,12,7,1
Gloucester,LGA13050,1,0,0,0,0,0,2,0,1,0,0,1,0,0,2,0,0,0,3,0,0,2,1,0,1,0,0,0,0,0,0,1,2,2,1,2,0,1,0,0,3,2,0,0,1,0,2,2,2,0,1,3,1,1,3,0,1,0,3,0,1,2,3,1,1,1,2,3,0,3,1,0,4,1,3,0,2,1,1,1,0,2,1,1,1,2,1,4,1,2,1,1,1,1,0,3,2,2,3,0,2,0,0,3,2,1,1,1,0,2,3,2,1,0,3,0,3,2,3,9,2,0,0,1,0,0,0,5,0,4,1,1,1,1,2,1,0,2,0,4,2,3,1,1,0,0,2,0,0,3,0,2,1,1,0,3,1,3,0,0,3,0,0,1,1,2,0,1,2,0,2,1,3,0,2,3,0,2,3,0,0,2,3,0,1,1,1,0,2,1,1,0,2,3,2,0,0,3,1,2,2,1,1,1
Gosford,LGA13100,28,42,16,32,28,24,19,28,29,32,20,26,41,38,23,34,33,31,42,18,38,40,34,37,42,34,42,36,25,34,33,31,38,37,37,47,56,44,45,45,39,34,33,27,50,41,50,42,47,46,57,44,42,56,41,43,51,37,46,74,59,65,47,50,37,33,42,55,44,65,41,45,48,44,66,35,41,37,44,37,47,32,56,55,59,45,50,37,37,49,43,39,42,38,50,46,40,36,63,49,38,33,44,39,47,60,35,49,54,37,46,36,26,29,30,50,43,55,44,51,53,57,42,26,37,48,34,41,55,44,53,52,47,53,43,42,41,33,27,41,44,47,47,45,47,31,46,35,38,24,34,28,27,27,28,41,38,33,50,40,40,28,37,45,29,41,38,39,35,27,32,23,40,31,29,45,51,35,42,62,45,37,51,27,40,33,26,37,45,29,30,50,58,49,42,52,35,62,37,49,37,65,46,77
Goulburn Mulwaree,LGA13310,13,5,2,8,7,4,5,9,7,8,8,13,15,13,3,3,7,13,12,5,7,12,8,8,10,16,14,16,11,13,16,8,9,9,9,11,14,12,11,19,16,10,9,8,10,10,18,13,18,5,4,2,6,12,7,10,7,12,14,12,16,22,7,11,13,10,16,13,8,8,12,8,6,7,7,8,10,7,10,16,8,12,9,3,9,7,8,11,11,9,11,8,6,8,4,10,14,13,14,12,8,10,11,9,9,12,13,16,19,17,9,6,10,7,9,20,9,8,10,11,13,14,14,6,11,12,14,5,17,12,12,12,14,18,7,15,13,20,5,4,8,10,5,12,15,12,14,20,10,14,9,5,5,8,13,14,9,8,7,8,9,6,8,13,7,8,8,7,7,4,16,8,5,12,6,11,5,10,6,11,15,11,19,8,2,12,9,10,9,10,8,12,14,6,7,15,9,11,13,9,9,15,7,10
Great Lakes,LGA13320,10,8,10,1,7,3,6,8,4,7,4,16,15,12,8,12,13,8,7,12,3,8,13,20,22,17,13,14,9,8,6,12,11,12,12,13,25,11,12,8,11,11,12,17,9,7,7,11,16,19,16,10,9,11,6,10,9,14,9,19,19,15,10,9,13,23,9,18,9,12,8,10,13,13,14,8,18,5,8,7,10,13,12,17,21,19,19,4,14,9,14,10,17,9,20,14,21,13,16,8,16,5,14,17,15,17,15,31,29,13,17,19,12,20,15,17,13,15,16,22,27,17,10,16,14,19,14,9,9,16,19,10,26,19,18,10,19,5,23,19,14,18,14,22,28,14,9,19,17,12,18,13,12,17,14,22,10,20,24,18,15,19,9,16,21,16,26,23,17,13,12,12,17,8,13,12,18,18,17,17,19,11,20,14,13,13,11,14,18,12,23,14,26,10,17,16,14,14,16,9,15,21,16,20
Greater Hume Shire,LGA13340,4,2,2,0,1,2,1,3,4,2,0,1,1,1,0,0,6,2,4,0,1,2,3,3,1,0,3,0,0,0,1,0,1,1,0,1,1,3,2,1,6,0,3,1,2,2,1,5,4,1,1,2,2,1,1,1,1,0,0,1,0,1,2,0,1,0,3,1,1,4,0,1,0,2,2,2,6,2,1,2,1,0,0,1,2,0,1,1,3,1,4,2,2,2,0,3,4,5,1,2,0,5,1,1,4,0,5,2,4,5,2,2,1,0,1,0,6,2,2,0,1,2,1,1,0,1,1,0,6,1,0,2,2,0,1,2,1,0,3,0,2,4,1,1,2,2,2,2,1,2,1,4,3,0,0,3,2,2,1,1,0,0,0,0,3,1,0,0,2,1,0,0,0,0,2,3,3,3,2,2,2,5,0,1,0,0,2,1,2,1,3,4,1,0,3,2,1,1,0,0,4,0,2,1
Greater Taree,LGA13380,13,9,17,9,14,10,12,18,17,22,18,19,22,12,15,15,15,18,14,20,23,17,11,17,27,26,17,28,13,12,20,13,21,30,23,20,27,19,24,11,20,23,19,20,21,27,30,21,24,25,23,12,18,35,15,25,17,17,29,30,21,21,23,31,16,14,22,22,16,30,24,22,36,26,19,29,25,16,22,15,14,33,17,30,33,27,30,24,16,20,25,20,19,33,27,23,24,31,33,38,22,22,17,20,20,26,32,25,24,25,21,14,16,31,14,19,25,24,25,31,21,26,25,27,18,13,27,25,18,14,24,24,38,19,22,12,6,31,16,22,17,9,27,23,20,23,13,16,24,13,21,23,15,19,22,28,19,23,22,26,25,20,19,27,30,18,26,24,29,29,16,18,15,15,13,8,16,19,20,22,21,19,27,23,25,20,15,16,19,20,16,20,22,20,16,13,18,18,21,11,21,29,29,23
Griffith,LGA13450,14,7,5,9,8,7,6,5,4,5,8,8,5,14,3,6,7,9,9,9,14,8,11,15,18,13,22,11,11,12,15,20,19,11,16,19,12,18,12,11,6,12,9,5,14,12,10,15,28,13,13,19,19,17,6,11,16,11,25,19,9,15,10,12,9,15,16,15,8,15,16,15,14,16,14,8,7,7,9,11,6,9,7,13,8,14,16,10,10,13,15,9,11,7,13,16,13,11,14,12,17,13,10,12,15,12,12,11,12,17,14,8,13,9,11,11,3,8,13,10,13,12,15,11,7,10,10,13,17,17,8,18,21,6,14,9,12,11,17,10,18,8,8,11,20,12,22,11,10,15,21,8,21,18,14,18,18,9,19,11,15,23,9,19,16,16,24,13,20,13,10,12,18,12,11,18,24,22,15,25,15,23,18,10,11,14,12,13,24,11,22,22,21,17,25,16,21,14,28,32,19,18,22,23
Gundagai,LGA13500,0,1,1,0,0,0,0,0,0,2,1,1,1,2,1,0,2,0,2,0,0,1,1,0,0,0,0,1,0,2,0,1,1,0,2,0,0,1,0,1,1,1,1,0,1,0,0,2,1,3,0,0,0,1,0,1,0,0,1,1,2,1,0,5,3,1,2,1,1,1,3,1,1,3,5,1,1,1,1,1,0,0,1,2,3,1,0,1,4,0,1,0,1,1,2,2,2,5,1,0,1,3,2,6,1,2,0,1,1,2,1,1,4,0,3,3,0,5,3,0,1,2,1,1,1,0,0,2,0,1,1,1,0,1,1,0,0,3,5,0,1,1,1,5,2,2,2,1,2,0,0,0,1,0,3,0,5,0,1,1,1,0,2,0,0,1,0,0,1,2,2,1,2,1,1,0,1,1,0,3,1,0,1,2,3,0,2,2,0,2,1,1,3,1,0,2,1,1,0,3,0,1,1,0
Gunnedah,LGA13550,2,2,1,2,2,5,2,2,4,8,2,3,2,1,0,1,0,2,2,4,2,0,4,6,4,2,3,0,0,4,4,4,3,1,1,3,6,2,1,3,3,3,5,4,3,9,4,7,12,3,9,7,6,5,3,4,4,7,8,3,4,8,6,3,3,2,5,5,8,3,4,4,11,9,4,9,3,5,9,3,1,2,9,5,7,6,2,6,8,2,2,6,4,4,10,7,6,4,5,4,7,7,9,3,7,3,3,3,10,3,6,11,1,6,5,8,15,3,4,6,8,6,5,5,4,5,2,8,1,15,6,12,16,8,6,3,3,7,3,8,4,5,2,6,11,18,9,5,3,6,3,5,5,12,6,6,8,6,18,4,3,11,8,6,6,9,5,7,4,5,11,7,5,2,4,8,13,12,11,13,5,8,4,8,2,6,10,1,10,1,5,6,6,6,4,4,6,6,5,3,2,4,4,8
Guyra,LGA13650,2,0,3,3,3,5,4,9,5,7,8,0,5,4,1,4,2,2,3,3,7,5,7,5,6,1,2,4,5,5,9,0,4,1,4,0,3,4,3,3,2,0,3,11,3,8,3,4,3,4,3,1,1,0,2,5,1,1,3,1,0,5,4,0,2,4,1,2,2,1,3,1,4,5,1,5,3,5,4,1,1,1,1,5,1,0,3,0,3,2,2,1,1,6,5,4,1,2,0,3,1,1,0,2,0,3,4,5,2,2,0,3,2,1,1,1,2,2,1,4,3,0,0,2,0,4,1,2,4,1,5,4,1,2,5,2,1,2,1,1,2,1,1,0,4,5,4,3,0,1,4,3,2,1,3,0,2,3,6,2,2,4,1,1,1,4,3,4,3,3,3,3,4,1,3,0,2,1,3,7,2,1,2,3,6,3,2,2,2,0,3,2,2,1,4,3,4,7,1,6,3,4,3,2
Gwydir,LGA13660,1,2,0,0,0,0,0,2,1,0,2,0,0,0,1,0,0,5,0,1,2,1,1,0,0,0,2,3,2,2,0,1,1,0,0,1,1,1,0,0,0,0,1,1,1,1,0,2,1,2,1,1,1,1,1,2,0,1,3,0,0,0,0,0,2,1,1,1,0,2,0,0,1,0,0,2,1,1,0,1,0,2,1,1,3,2,1,1,0,0,0,0,2,0,0,0,1,2,2,0,0,1,1,1,2,1,1,1,1,1,0,0,1,2,0,1,2,0,0,4,0,1,0,1,0,1,0,1,2,0,0,0,0,3,0,1,0,0,0,0,3,2,1,2,1,1,1,3,1,2,1,2,0,0,2,0,1,4,0,0,2,2,2,0,2,3,0,0,1,1,3,1,0,0,1,2,2,0,2,2,3,2,3,0,0,0,0,2,2,0,2,1,1,2,1,1,0,0,2,0,0,1,3,0
Harden,LGA13700,0,0,1,1,2,1,0,1,0,1,1,3,0,4,0,4,2,0,0,0,0,3,0,0,3,3,0,2,1,2,0,0,2,0,1,0,1,2,1,0,0,3,3,1,0,3,3,0,1,1,0,0,0,1,1,2,0,1,2,1,2,3,2,0,0,1,0,1,0,0,2,3,3,0,2,1,2,2,2,0,0,2,0,3,0,1,0,0,0,0,0,2,2,0,1,4,1,1,3,1,1,0,1,2,0,2,5,1,2,0,0,0,0,1,1,1,0,5,1,2,1,0,0,0,0,1,1,2,0,0,0,3,1,1,0,0,0,0,1,4,1,3,1,0,1,0,0,0,2,0,0,0,2,2,0,0,3,0,2,0,3,0,0,2,2,0,3,0,0,1,3,4,0,0,0,1,2,1,0,1,0,1,0,2,0,3,0,0,5,0,1,0,0,1,1,0,2,0,1,0,0,2,0,1
Hawkesbury,LGA13800,24,15,26,11,11,9,4,8,11,10,15,16,14,8,11,9,10,8,5,15,8,9,17,20,23,20,12,12,9,10,9,12,11,19,25,23,22,16,12,25,9,9,19,16,14,25,17,18,18,31,30,21,11,19,21,20,18,16,17,22,23,28,20,15,18,18,14,19,18,21,21,21,26,28,21,16,21,17,15,22,25,18,26,28,22,21,20,12,22,17,19,24,8,26,13,22,19,19,20,21,14,20,16,22,21,17,27,22,25,16,21,16,8,15,15,15,12,13,17,20,26,17,8,28,16,24,16,11,27,29,30,24,15,20,22,14,28,22,17,10,27,22,19,24,18,13,23,23,15,24,16,20,21,23,23,16,21,20,22,27,26,17,14,25,26,15,11,14,18,11,37,19,19,19,18,23,55,24,27,25,34,17,42,39,23,25,19,18,31,23,23,30,32,22,18,24,16,20,21,22,26,26,26,23
Hay,LGA13850,2,1,5,2,2,0,2,0,0,0,2,1,0,1,0,2,1,0,4,1,1,5,2,2,4,2,0,0,1,1,3,4,0,0,1,3,1,2,1,2,2,1,2,4,1,0,1,1,0,1,2,1,2,3,3,0,1,2,2,1,1,3,0,1,0,1,1,1,2,1,3,2,2,0,0,2,1,0,2,0,0,0,1,2,0,2,3,3,3,2,0,0,2,0,2,1,1,2,5,3,3,0,2,0,0,2,2,2,1,1,0,2,2,3,0,2,0,0,0,1,0,1,2,1,2,0,5,0,2,2,6,2,1,1,1,1,0,0,0,0,1,0,1,2,1,3,1,0,0,4,3,0,2,2,5,0,1,1,2,1,6,0,1,1,2,0,1,8,2,0,2,2,1,3,2,1,0,1,1,0,1,1,0,0,0,1,2,4,0,1,4,2,0,2,0,1,0,5,0,0,1,0,1,1
Holroyd,LGA13950,29,24,20,26,24,13,26,15,20,21,28,18,31,16,33,26,26,19,22,33,37,24,24,35,32,32,28,28,17,20,25,22,30,34,24,38,53,35,20,31,30,31,20,24,29,28,27,24,28,26,32,18,35,33,30,32,23,37,33,53,34,42,31,27,29,27,36,36,34,41,21,40,29,30,46,34,30,25,24,41,25,26,42,44,38,23,39,33,31,37,27,30,43,30,34,35,51,40,56,46,40,24,31,36,38,30,33,37,31,36,28,27,26,24,19,37,33,26,43,40,41,26,39,24,22,30,34,42,30,37,36,64,44,42,44,31,33,23,34,35,33,43,42,42,31,37,37,42,41,27,22,41,38,43,40,39,32,41,46,39,38,26,28,27,24,55,37,40,36,31,51,33,26,33,37,42,36,34,19,39,34,32,40,37,30,40,28,42,56,55,36,46,45,27,47,40,28,30,39,26,35,20,61,39
Hornsby,LGA14000,7,9,9,9,8,8,10,13,10,8,9,11,20,14,7,14,17,10,12,7,11,10,17,13,13,25,16,10,14,11,17,8,16,18,23,14,22,12,20,9,12,8,10,17,14,15,12,13,16,14,17,12,13,13,14,16,7,13,21,20,22,22,18,22,21,12,17,18,13,8,21,24,25,14,19,13,22,22,16,14,16,22,15,9,26,18,28,10,14,24,17,12,15,18,19,16,27,17,13,18,13,16,27,14,11,19,18,10,14,23,21,20,21,17,18,20,7,14,18,24,23,17,12,5,10,16,12,14,14,16,21,18,26,14,19,20,15,18,19,22,17,13,15,14,21,22,23,18,14,10,13,30,15,17,15,25,16,11,15,23,20,13,15,21,16,14,19,19,22,21,14,14,16,12,13,18,15,20,17,21,21,15,23,11,11,15,20,17,16,8,13,18,20,8,16,31,16,15,8,12,17,19,15,22
Hunters Hill,LGA14100,2,3,0,0,1,1,0,0,0,1,1,1,0,1,2,0,3,2,0,0,0,0,5,1,1,1,1,2,0,1,0,1,2,3,1,0,2,1,1,3,3,2,0,2,3,1,1,2,5,1,0,0,2,0,0,0,1,0,0,1,3,0,2,1,0,0,0,1,1,2,2,0,0,0,3,0,2,0,1,1,1,1,0,0,1,0,1,0,0,0,2,1,0,0,0,3,0,1,0,0,0,1,5,1,1,2,4,3,0,0,3,5,2,0,3,2,2,2,0,0,0,5,1,1,3,0,0,0,0,2,3,1,0,1,2,2,1,5,0,1,2,1,2,3,3,0,0,1,2,0,1,3,0,1,2,3,2,2,2,1,0,0,1,1,1,1,2,1,0,1,0,2,1,1,1,3,1,1,1,2,2,4,4,3,3,3,1,0,0,2,2,1,2,1,0,0,2,0,2,1,1,2,3,0
Hurstville,LGA14150,9,2,7,3,5,5,5,7,4,8,7,7,5,7,6,10,9,3,2,6,8,5,6,16,8,5,12,7,9,2,9,13,10,19,15,12,6,14,16,10,17,17,15,5,13,19,11,16,17,13,15,18,11,15,17,11,17,17,23,14,12,22,22,16,26,15,21,14,16,16,38,29,25,14,14,19,14,18,25,16,10,26,35,21,27,17,19,40,17,28,18,19,18,18,13,18,23,17,19,19,13,20,19,16,11,21,20,38,11,12,27,16,9,18,10,15,16,17,11,17,18,9,20,22,13,15,17,18,16,14,15,25,16,10,19,20,20,20,11,19,15,19,26,26,22,22,22,12,11,20,20,15,17,20,23,24,23,20,23,14,10,15,17,18,14,13,28,16,23,20,27,29,14,21,18,18,15,22,18,26,17,15,21,20,10,15,19,12,11,20,21,16,22,28,20,11,13,18,20,26,23,28,26,16
Inverell,LGA14200,2,4,16,8,4,6,7,6,5,4,15,5,12,12,8,8,5,9,6,7,9,15,10,10,7,12,6,4,7,9,10,8,10,8,5,5,13,7,7,9,6,7,3,3,9,11,9,8,16,5,5,6,6,8,13,12,8,5,8,7,13,6,13,4,11,11,12,14,5,11,8,7,4,7,7,5,10,10,14,15,9,11,10,4,4,5,17,8,7,8,9,7,10,22,6,7,6,18,13,20,9,7,8,0,5,6,10,10,8,11,5,11,11,3,13,12,9,8,8,11,6,3,11,9,9,7,6,15,5,5,7,14,16,12,12,10,8,8,4,4,10,16,19,10,9,6,12,5,9,4,6,10,7,9,11,12,9,18,18,6,17,11,15,10,12,11,22,12,15,15,15,7,12,9,14,3,10,10,15,12,24,4,20,10,17,8,9,6,15,5,20,13,8,4,3,11,11,6,16,15,7,8,14,10
Junee,LGA14300,8,0,5,1,3,1,2,2,1,1,3,6,4,1,1,2,1,1,0,2,1,4,1,2,3,0,1,3,1,0,3,3,3,2,2,2,3,2,3,1,2,5,5,0,4,3,2,3,4,1,2,0,2,1,2,0,1,1,1,2,2,4,1,1,2,0,4,2,1,3,1,1,5,0,0,4,1,0,1,1,2,1,3,3,6,3,0,2,1,3,4,1,4,0,0,1,1,5,0,1,1,2,0,1,5,1,3,1,0,2,1,3,3,3,1,3,3,0,0,2,4,3,1,0,2,2,1,6,1,1,1,3,0,1,4,2,2,3,3,1,2,0,0,2,0,1,1,1,3,1,5,0,1,1,0,0,0,2,0,1,2,0,3,7,2,1,2,1,0,2,0,0,2,1,0,1,0,0,2,5,1,1,2,1,5,4,2,0,0,1,2,1,7,1,6,1,5,4,3,1,3,4,1,6
Kempsey,LGA14350,18,22,11,15,12,19,17,14,23,17,15,21,24,18,7,14,18,23,22,9,12,23,15,16,13,16,17,19,14,22,19,14,18,25,32,19,35,29,16,15,16,14,31,23,24,16,27,23,27,19,21,19,13,21,19,17,24,25,16,24,16,12,12,26,20,9,22,16,14,15,18,17,34,18,15,10,10,19,12,22,14,18,17,23,20,10,12,16,19,18,18,22,17,13,18,22,22,9,21,18,19,18,21,6,22,13,22,17,28,14,22,20,34,28,14,27,37,23,12,25,31,20,19,27,22,19,17,11,9,14,15,10,21,18,9,15,24,16,13,17,18,15,25,16,26,8,18,16,10,15,20,16,24,12,10,9,14,13,17,11,21,19,17,12,15,25,28,22,21,14,28,13,14,16,21,14,22,21,16,22,25,16,18,11,11,14,7,16,20,25,20,27,22,22,21,21,26,16,8,18,16,22,29,22
Kiama,LGA14400,4,3,2,0,1,1,3,5,2,1,1,1,5,3,2,1,1,1,1,1,2,1,0,3,2,3,3,1,2,3,4,4,1,1,2,2,7,1,4,5,2,2,1,3,6,2,2,2,3,7,3,4,1,2,5,2,4,5,3,4,4,0,0,0,5,1,1,3,3,10,3,6,6,4,2,2,7,3,3,3,2,2,1,1,6,1,2,1,3,2,2,2,3,1,1,6,3,3,1,4,2,2,3,2,2,2,3,2,5,3,3,1,3,1,0,0,3,2,0,7,3,4,4,2,2,0,2,2,6,3,0,5,4,3,4,0,2,2,0,2,1,1,2,1,2,3,6,1,1,3,2,2,5,2,3,3,5,6,2,2,3,1,0,3,2,2,3,3,0,2,6,7,1,0,5,3,7,2,1,6,0,3,2,3,1,2,1,5,1,3,6,4,3,3,7,2,1,2,1,4,3,4,5,4
Kogarah,LGA14450,7,7,9,7,7,0,3,2,2,4,3,2,4,6,6,5,3,5,9,4,4,5,1,4,11,6,4,7,7,15,4,11,6,3,7,4,6,7,11,11,11,12,10,16,9,6,9,6,6,5,11,5,6,3,7,4,12,9,6,8,16,8,19,6,13,13,13,10,14,12,6,12,18,10,14,9,4,5,11,13,14,6,11,15,8,14,10,18,10,13,7,6,8,10,15,16,6,13,12,10,9,9,8,7,11,11,10,9,11,9,13,11,14,12,11,8,7,4,4,10,7,7,20,15,8,5,8,7,8,9,6,12,10,8,13,13,14,11,15,9,8,15,4,16,8,11,9,15,16,4,12,10,12,12,8,12,19,13,10,17,14,11,7,11,5,17,11,14,12,10,14,15,6,12,8,8,8,9,15,20,6,15,17,14,19,11,24,13,13,14,8,14,15,12,20,19,19,15,15,14,17,11,17,11
Ku-ring-gai,LGA14500,5,3,1,4,1,4,0,3,2,3,2,3,3,6,5,3,4,3,6,4,3,2,2,5,7,6,3,2,5,6,9,4,4,2,1,3,2,11,3,3,8,4,4,8,0,7,13,7,8,3,4,3,3,5,3,3,10,1,2,4,3,13,7,5,3,3,8,6,5,4,8,5,8,5,5,7,7,3,7,4,7,6,5,5,0,11,7,8,3,6,6,3,5,5,9,12,4,5,9,7,6,9,8,5,5,5,4,6,6,10,13,7,5,4,5,2,2,3,9,6,6,3,5,5,5,6,4,8,4,5,5,6,10,6,9,10,2,6,6,8,0,5,5,4,5,7,4,5,2,8,4,7,4,5,2,8,10,2,9,7,8,8,5,3,6,9,6,7,7,7,13,5,4,8,5,7,4,7,16,9,8,11,9,9,6,9,3,11,8,14,6,6,1,5,7,7,6,4,10,3,4,8,10,8
Kyogle,LGA14550,4,0,3,2,1,1,7,1,7,0,3,0,2,2,2,2,4,5,6,1,5,3,5,3,1,2,3,1,1,2,3,4,1,4,5,5,4,6,3,3,5,3,2,2,0,1,2,3,2,1,6,2,2,4,0,5,5,3,1,2,7,3,2,0,2,1,0,2,7,0,1,8,0,5,6,1,0,3,0,8,1,1,4,3,5,2,2,6,2,5,3,1,4,2,1,3,6,2,3,2,4,2,5,4,2,1,1,6,3,10,6,2,3,6,4,5,5,5,9,5,3,6,5,5,3,7,7,4,3,5,4,3,3,2,5,1,3,9,0,1,4,6,0,5,2,5,4,2,3,1,2,4,3,4,3,2,2,1,10,6,4,1,1,0,0,3,5,1,3,2,3,1,3,3,3,5,0,2,2,5,3,4,0,1,2,4,5,4,4,1,3,2,4,1,3,0,2,6,2,3,11,1,2,1
Lachlan,LGA14600,5,5,7,7,6,4,6,7,5,5,2,9,7,8,9,1,4,3,7,7,8,11,8,3,8,4,1,2,7,10,2,4,6,5,9,13,4,4,7,3,3,5,1,9,9,4,5,9,18,4,1,5,8,5,7,2,6,9,6,9,3,4,4,6,6,2,8,5,2,12,3,3,5,9,4,5,1,7,3,2,7,9,7,11,8,14,7,4,3,1,0,2,4,2,7,6,5,6,4,4,7,6,6,8,4,5,3,5,2,4,4,0,4,3,1,1,7,7,4,7,4,4,5,7,8,6,4,5,3,3,3,2,7,6,5,5,4,3,1,6,1,3,4,6,5,10,3,5,3,4,3,2,3,1,7,4,3,3,11,4,5,4,0,6,1,3,7,9,5,6,4,3,3,1,6,4,10,6,8,3,6,5,4,4,4,4,6,4,0,4,6,12,7,3,4,6,10,8,3,1,3,2,2,5
Lake Macquarie,LGA14650,33,23,22,16,22,15,23,28,17,35,44,37,35,35,51,43,31,39,41,30,40,33,35,43,50,69,53,45,50,55,45,49,41,45,53,61,45,51,51,38,41,51,43,58,50,57,66,78,66,87,78,67,53,58,54,59,57,51,66,67,57,52,63,46,40,54,44,57,55,66,64,87,83,79,64,82,76,70,68,70,61,69,72,96,82,81,74,57,65,45,57,63,59,51,64,81,71,72,63,67,54,55,69,58,41,47,71,61,73,48,63,51,44,51,54,57,50,58,66,81,81,58,70,52,66,69,52,50,51,56,68,72,73,60,44,49,54,43,41,51,37,45,54,94,86,52,45,53,54,46,44,40,47,61,52,50,61,77,65,48,46,46,66,55,66,57,62,62,100,62,80,50,59,70,43,59,85,51,61,75,76,54,66,56,54,43,47,54,57,57,84,64,99,51,68,45,64,41,47,81,61,65,63,65
Lane Cove,LGA14700,4,3,3,1,3,1,0,2,1,3,1,1,2,7,6,1,2,4,3,3,1,0,4,4,1,2,3,2,1,1,2,1,1,2,5,1,1,2,4,2,3,7,7,6,9,4,6,1,3,4,6,4,2,2,4,2,0,2,0,2,6,1,3,3,7,0,3,4,2,0,1,0,3,3,2,2,1,1,1,3,2,5,2,6,1,2,2,1,5,6,1,2,3,2,3,0,1,2,1,4,2,4,1,2,2,4,2,0,2,1,0,2,3,2,4,0,1,3,4,1,2,4,1,2,0,2,4,1,1,4,2,4,1,3,1,1,0,3,2,5,1,1,2,2,9,3,2,4,5,3,4,4,3,4,5,1,5,0,2,3,2,3,1,2,2,7,3,3,2,1,2,1,0,3,1,2,1,4,5,1,1,2,2,1,5,5,1,1,2,4,4,5,3,1,4,3,3,1,3,5,3,1,2,0
Leeton,LGA14750,7,3,5,2,4,2,3,4,2,1,3,7,6,3,4,4,5,7,6,5,4,9,7,17,18,9,9,7,10,12,8,8,15,6,6,9,7,9,19,6,5,15,11,7,7,6,16,17,3,11,12,4,2,4,4,14,3,7,8,3,10,2,9,3,8,1,4,2,6,2,1,10,12,3,3,7,4,5,4,3,6,4,4,6,6,4,5,2,5,6,3,1,5,3,3,9,2,4,6,7,4,3,5,2,4,5,5,7,1,2,2,2,5,1,10,0,5,3,11,0,5,5,4,7,5,4,2,2,3,4,4,5,5,5,3,6,3,0,7,4,7,4,7,3,10,7,10,7,10,6,7,5,3,3,5,5,3,5,3,5,9,3,8,4,1,1,8,3,5,2,4,5,3,2,3,7,6,2,4,4,6,6,4,7,5,9,1,7,2,8,8,7,3,5,7,9,5,5,5,3,3,7,7,9
Leichhardt,LGA14800,6,7,11,14,9,2,4,11,8,7,10,11,10,2,8,7,7,8,2,8,7,7,5,8,11,12,11,6,7,6,7,9,5,7,6,9,16,8,10,7,7,7,11,14,5,7,16,12,11,11,13,11,16,7,13,2,9,7,9,16,7,10,10,13,4,11,6,6,13,9,4,14,11,10,8,11,6,12,5,10,6,11,9,9,12,16,9,8,12,9,6,8,5,14,7,14,10,12,11,5,8,17,6,8,8,9,9,11,14,17,9,5,8,5,12,12,11,8,16,7,14,8,15,9,7,9,13,11,6,12,5,15,11,11,14,9,10,5,8,9,6,5,18,10,17,10,19,15,17,11,16,8,9,10,18,18,9,10,10,6,7,9,12,13,10,5,15,23,14,10,6,12,8,10,6,9,12,9,9,12,10,3,12,4,9,7,7,12,10,9,10,10,15,10,17,5,9,12,11,10,10,6,13,12
Lismore,LGA14850,20,10,21,18,13,14,9,26,8,8,13,8,21,24,32,19,16,18,24,12,33,18,19,22,13,20,26,14,20,20,17,26,30,28,16,24,30,21,16,14,25,22,19,17,32,25,14,27,42,25,25,24,27,22,16,14,17,7,20,15,16,24,21,15,17,26,15,26,11,31,21,24,25,15,9,24,17,26,15,22,19,22,15,17,28,21,15,23,25,28,24,23,27,19,26,30,27,33,18,16,23,23,24,27,16,15,20,28,32,33,28,20,15,19,19,12,17,22,28,27,20,24,17,27,18,28,20,14,16,24,17,24,26,19,18,16,14,16,13,25,17,18,12,13,23,13,26,20,11,14,17,13,20,21,17,12,18,15,24,19,20,14,21,18,14,15,19,26,19,11,20,11,15,9,17,18,18,15,13,23,18,17,18,19,12,8,23,20,19,21,17,22,18,11,14,14,34,14,21,9,18,18,13,24
Lithgow,LGA14870,6,6,4,4,1,3,2,7,10,7,8,3,6,7,7,5,5,9,8,2,3,2,1,7,6,5,9,8,4,7,6,3,9,8,5,5,10,7,9,3,11,5,10,9,12,6,8,7,9,4,7,10,6,3,11,8,4,13,11,14,7,13,6,7,8,17,9,5,8,9,9,7,17,9,8,7,6,11,4,12,8,15,13,3,9,10,14,6,6,11,14,4,9,11,5,8,16,12,5,6,12,6,4,8,9,7,11,14,12,8,12,8,8,6,9,15,9,5,6,14,8,15,7,10,9,9,11,10,5,4,4,8,7,5,7,6,5,7,12,11,5,11,3,7,6,8,12,6,8,8,11,9,7,8,8,15,16,13,3,11,11,11,7,9,7,7,6,7,6,5,8,15,5,10,10,4,6,8,8,13,4,10,7,7,11,2,7,10,15,10,9,6,12,7,4,11,6,5,2,8,5,10,9,15
Liverpool,LGA14900,40,48,36,35,29,42,38,49,38,37,39,36,45,38,51,39,37,41,41,37,36,33,48,38,62,50,34,35,38,41,37,46,56,44,42,68,78,60,53,46,60,79,47,67,72,81,64,68,66,48,91,56,64,56,42,59,69,62,58,71,87,53,65,62,39,56,45,60,46,52,67,65,69,48,58,42,52,38,53,50,51,69,51,71,50,68,48,72,44,44,49,43,45,73,63,57,57,47,62,51,69,42,68,55,68,48,49,68,49,47,59,45,41,29,50,40,70,60,51,71,71,58,45,58,56,45,39,66,57,81,71,70,78,59,67,63,53,80,69,60,70,67,60,72,73,65,67,51,67,56,78,79,64,62,91,83,85,88,63,82,72,62,62,69,69,71,78,79,69,71,89,80,90,62,78,67,69,84,92,124,96,93,101,95,88,75,77,75,66,98,83,76,86,86,98,77,74,76,68,72,75,87,81,54
Liverpool Plains,LGA14920,3,2,1,1,0,1,2,2,1,0,1,2,2,2,2,0,0,2,1,4,0,2,1,1,1,0,0,0,2,0,2,1,1,0,3,3,0,3,3,4,4,0,2,10,0,3,0,0,2,7,1,3,5,2,3,1,3,3,1,2,3,1,0,0,2,0,1,1,1,5,4,2,4,0,1,1,6,3,3,1,4,5,5,1,7,5,0,1,3,3,5,4,5,1,4,5,7,6,3,1,5,7,1,1,9,1,3,3,2,2,1,2,5,1,2,0,1,3,5,2,8,3,3,1,4,5,4,0,3,4,5,2,4,1,4,0,2,2,0,4,3,5,5,5,4,0,4,2,2,0,0,4,2,5,8,8,3,5,3,2,3,2,0,1,4,5,2,2,3,1,3,1,3,1,4,1,2,5,1,4,4,1,4,2,5,4,0,2,4,4,0,5,3,1,8,2,4,4,2,0,9,0,2,5
Lockhart,LGA14950,0,0,1,0,0,0,0,0,1,0,0,0,0,0,2,0,2,0,0,0,0,0,0,2,0,0,1,0,0,0,0,0,0,1,0,2,0,2,1,0,0,1,0,1,0,0,2,0,1,2,0,3,0,1,0,0,0,0,0,3,0,0,0,0,0,2,0,1,4,0,0,0,2,4,2,0,1,3,1,0,1,0,0,1,0,0,0,0,0,0,0,0,0,0,0,0,0,1,0,1,0,3,0,1,1,0,1,2,0,0,1,1,0,3,0,3,0,0,1,2,0,2,0,1,0,0,0,1,0,1,2,5,0,0,0,0,0,1,0,0,1,1,0,0,0,0,3,0,0,1,0,0,0,1,0,0,0,1,1,1,0,0,1,0,0,0,0,1,1,3,0,3,1,0,3,0,0,0,0,1,0,0,2,0,0,0,0,0,1,1,0,0,0,0,0,0,1,1,0,1,3,1,5,1
Maitland,LGA15050,13,14,17,16,11,14,16,8,10,21,17,17,20,15,15,25,18,17,9,18,20,17,20,26,19,22,21,19,23,18,16,24,14,38,16,31,17,24,36,30,27,16,24,18,25,15,17,28,33,21,32,24,31,24,18,28,20,29,32,23,36,31,22,22,14,24,24,23,17,17,29,33,24,29,28,24,28,32,23,27,18,28,25,24,28,26,26,21,27,25,29,25,23,21,21,28,37,22,32,27,29,23,15,18,27,19,28,22,34,33,27,27,22,20,21,15,18,35,20,29,16,23,29,17,29,21,23,19,28,23,20,17,27,28,23,18,19,24,28,20,25,24,23,26,25,22,29,30,14,19,26,24,18,28,39,18,29,15,25,31,27,17,29,24,28,32,31,40,31,34,43,23,40,31,28,21,27,39,20,36,29,29,29,21,29,32,28,41,24,24,31,34,30,24,37,40,58,34,25,43,34,35,65,41
Manly,LGA15150,5,2,4,1,2,2,8,6,5,6,3,9,9,6,5,3,2,4,9,7,4,5,4,9,4,4,3,4,8,2,3,6,12,3,2,4,5,6,5,6,11,4,8,8,5,4,3,6,8,6,9,2,11,5,3,5,4,4,9,5,8,4,7,4,3,5,2,7,2,3,5,7,3,5,11,7,8,2,6,7,16,2,1,5,12,5,9,7,3,6,6,7,3,6,1,3,8,10,8,3,5,9,4,4,2,4,8,3,6,8,1,4,9,4,3,3,6,5,6,5,11,5,5,3,8,3,1,3,6,6,10,11,6,4,4,10,6,7,3,4,2,8,8,9,5,9,9,10,6,9,7,7,8,10,5,11,7,8,7,7,4,6,6,5,5,7,7,6,8,8,10,8,5,5,6,4,6,4,9,4,15,7,6,6,7,7,4,4,3,3,4,4,7,5,5,6,5,3,6,7,8,6,4,5
Marrickville,LGA15200,36,29,21,22,21,30,21,21,22,20,24,19,37,20,30,27,20,23,17,21,18,27,20,27,21,24,24,30,16,19,22,22,22,19,24,21,28,21,24,23,27,29,22,29,22,33,28,19,34,22,34,38,24,28,35,28,28,27,34,33,36,30,36,27,17,24,27,41,33,31,35,35,37,28,20,25,15,24,34,33,24,26,31,47,32,44,42,27,23,31,42,32,20,36,31,28,39,36,39,26,25,21,25,21,25,30,36,36,19,22,34,18,20,22,18,27,15,26,31,37,23,22,16,20,13,17,19,15,16,25,25,17,20,25,29,24,27,24,23,24,17,25,23,17,34,25,14,37,25,18,26,24,24,20,25,26,36,37,26,32,21,23,15,23,24,29,24,21,25,22,26,25,23,32,25,16,26,27,21,36,28,27,15,25,19,17,23,22,26,14,19,24,26,21,20,27,16,21,16,20,12,20,27,24
Mid-Western Regional,LGA15270,5,6,11,5,3,1,3,2,3,4,2,11,3,3,7,3,4,4,7,9,4,6,8,9,7,5,6,4,3,4,8,5,9,8,10,6,6,15,4,12,5,4,3,9,9,6,6,14,19,5,12,8,8,16,13,11,4,8,8,6,6,1,13,10,5,12,6,8,7,7,8,8,6,11,10,4,10,15,3,9,12,12,12,8,5,9,5,5,2,9,4,10,5,5,8,8,11,10,12,9,8,8,6,6,16,11,6,22,20,6,16,17,10,3,8,4,6,13,9,13,9,11,7,9,9,3,11,7,5,5,7,15,12,8,7,15,10,9,5,12,9,12,10,10,14,13,8,6,8,3,9,10,7,10,7,14,15,6,10,2,7,8,10,12,8,10,8,29,12,6,10,5,7,10,6,4,4,5,10,12,16,4,12,8,17,9,6,6,11,5,21,10,15,17,9,9,8,10,11,10,11,7,6,12
Moree Plains,LGA15300,9,8,13,16,12,10,14,7,7,8,9,14,13,15,8,9,11,7,11,12,15,9,14,23,28,13,8,10,8,17,13,6,15,18,11,32,9,23,16,13,15,14,13,17,10,18,19,22,29,16,11,10,12,7,17,16,17,14,20,23,28,12,17,19,22,14,14,8,18,12,21,23,8,12,22,21,12,20,16,11,21,24,13,24,18,16,19,17,16,19,10,22,14,18,14,18,32,16,17,20,19,18,12,20,21,16,23,18,15,26,22,23,19,15,15,25,25,22,16,17,32,35,26,13,11,21,15,14,19,12,19,14,19,15,19,10,10,7,17,11,14,17,23,20,11,21,19,14,20,16,16,11,11,22,11,20,31,10,24,10,23,18,9,25,18,18,24,34,20,19,18,21,21,20,19,9,22,16,16,20,20,27,22,15,23,17,18,25,23,26,25,27,24,15,20,21,14,20,16,24,17,19,24,29
Mosman,LGA15350,3,1,0,1,0,4,1,1,2,1,1,4,4,3,2,9,2,2,0,0,3,1,3,2,6,1,2,1,0,1,1,6,2,2,4,0,4,2,3,1,1,3,4,7,3,3,2,1,3,2,2,1,5,5,1,5,2,0,0,0,2,1,1,2,1,2,5,3,2,5,6,2,0,0,4,2,4,3,2,1,1,1,3,4,3,4,2,4,1,2,1,1,5,2,1,1,1,4,7,9,2,3,3,1,2,1,1,2,4,1,1,2,3,2,6,1,1,1,1,3,0,3,2,2,3,2,2,4,6,0,3,6,0,1,3,5,2,2,2,6,6,1,4,3,2,5,0,3,7,1,4,0,4,2,3,5,3,2,1,2,3,2,1,1,3,3,3,2,2,5,2,3,0,2,1,3,4,3,2,0,6,7,10,4,3,2,1,4,5,3,4,5,2,7,2,2,4,8,3,3,3,7,4,5
Murray,LGA15500,2,1,1,0,2,0,0,1,3,2,1,1,0,1,0,0,0,1,3,1,0,0,0,1,1,1,3,1,1,1,1,0,4,0,2,2,0,2,0,0,1,0,2,0,2,1,1,1,3,2,0,1,0,1,1,0,1,6,1,2,0,1,0,1,1,1,2,0,1,1,2,0,0,4,0,0,2,0,3,0,0,1,0,1,1,1,0,1,2,0,5,2,3,2,1,4,2,0,6,2,2,0,0,2,2,1,2,1,4,0,1,0,1,1,2,1,1,1,0,1,4,1,0,3,1,1,2,3,0,2,2,3,2,2,1,0,1,0,0,0,0,0,1,2,4,0,2,2,1,1,0,0,1,1,3,2,1,0,0,1,1,1,0,1,3,0,2,2,1,0,2,2,4,2,1,3,1,2,1,0,11,0,3,0,1,1,0,0,1,4,1,0,0,0,2,2,3,1,2,1,1,0,2,1
Muswellbrook,LGA15650,4,2,5,6,2,2,3,3,3,1,2,4,9,8,6,9,6,3,0,3,8,1,1,6,6,1,3,1,5,9,6,4,4,5,6,10,5,12,3,3,5,6,2,6,12,6,7,11,9,9,5,6,8,9,2,8,7,7,5,6,5,5,7,4,8,5,9,8,6,2,12,9,6,8,18,9,11,9,4,7,8,7,15,3,5,11,12,1,7,4,4,7,6,8,5,6,7,9,13,1,1,6,7,1,6,6,4,7,4,3,4,3,5,9,13,5,4,6,10,10,7,5,11,5,10,3,6,5,10,6,9,4,7,12,6,7,7,5,8,5,6,5,3,9,5,3,7,5,5,3,4,14,7,3,8,11,8,7,3,4,3,6,5,7,9,8,11,7,9,11,5,11,4,13,5,7,9,10,9,10,11,8,12,11,5,14,9,10,10,7,13,19,9,11,12,2,10,3,4,5,10,13,7,6
Nambucca,LGA15700,7,6,6,5,7,2,14,6,5,8,7,8,8,9,9,4,2,4,9,4,5,4,9,6,8,6,5,13,6,7,4,7,3,8,3,8,2,11,12,6,5,5,6,7,6,6,8,6,11,4,10,9,6,11,6,4,2,4,5,12,6,3,11,4,6,2,3,5,11,4,10,3,8,9,7,8,4,11,12,6,5,6,2,5,9,2,8,7,5,7,5,8,2,10,7,5,6,9,13,10,18,4,4,9,7,4,11,12,7,3,7,6,11,5,4,7,7,8,18,9,21,11,14,4,10,6,8,6,6,6,7,17,10,12,6,13,8,7,3,13,3,6,10,9,9,2,11,6,6,9,4,12,8,10,5,5,10,8,5,4,12,8,10,5,7,10,10,6,10,5,5,10,1,8,8,7,9,12,12,5,21,4,8,3,6,8,8,7,6,10,9,16,16,9,11,7,3,5,6,6,8,9,14,13
Narrabri,LGA15750,13,8,2,5,9,5,3,11,11,9,5,11,17,8,4,5,6,8,7,10,10,14,15,9,9,3,6,4,2,4,8,2,18,3,6,11,10,4,6,4,10,6,6,6,4,4,11,4,11,9,12,6,8,6,10,10,2,8,9,13,4,4,3,3,4,8,10,2,5,13,17,9,7,9,11,6,7,6,8,3,5,2,2,9,18,11,5,7,6,3,9,6,8,13,9,10,13,4,6,12,13,3,10,9,9,4,4,10,5,8,4,9,11,8,3,2,3,10,6,7,8,10,3,4,11,3,11,4,4,4,5,5,13,6,8,9,1,6,4,6,7,3,6,1,4,3,5,3,1,4,1,3,5,7,4,3,6,4,1,5,5,10,7,3,4,2,4,10,5,9,5,4,1,13,3,6,5,5,5,5,5,3,2,4,3,3,8,6,3,5,1,13,11,4,9,7,2,3,10,6,7,6,13,11
Narrandera,LGA15800,1,1,2,3,4,1,2,2,4,3,5,2,4,2,3,3,3,1,5,5,4,1,6,4,7,4,2,6,6,2,16,10,3,6,10,6,8,2,6,3,5,4,2,2,7,3,10,5,6,4,3,2,4,1,4,4,3,2,11,4,5,6,3,2,3,1,5,1,4,6,7,1,5,5,9,1,1,4,2,1,4,7,2,1,4,7,2,1,2,3,2,5,4,1,2,5,1,4,4,1,2,5,1,0,2,0,2,4,4,3,4,6,0,3,2,5,5,2,4,4,3,5,3,3,5,3,5,3,5,3,2,5,3,1,1,1,5,1,3,2,1,4,10,3,5,3,6,0,1,0,0,3,5,3,3,6,2,6,2,5,2,1,3,1,5,2,4,1,1,3,3,3,0,3,2,6,1,4,5,3,1,3,7,4,5,1,2,2,2,3,3,1,4,4,1,2,1,2,3,3,1,1,2,1
Narromine,LGA15850,2,6,6,4,4,4,3,5,2,1,5,4,1,2,3,1,5,2,3,6,7,1,4,8,9,4,6,4,1,2,3,5,1,3,3,1,1,5,6,2,5,5,2,8,5,5,5,6,4,3,6,4,4,6,8,2,5,8,14,8,10,8,11,2,4,6,0,5,4,6,3,6,5,1,4,1,5,4,1,4,1,1,4,3,4,0,3,1,5,2,3,3,1,3,6,2,4,1,4,0,0,3,3,2,2,6,5,8,11,4,4,1,2,3,2,0,0,4,9,1,4,2,4,4,3,2,0,4,2,2,3,4,7,3,4,3,2,1,3,1,4,3,6,7,12,5,5,7,4,3,3,4,1,0,8,5,5,3,6,6,2,2,3,2,2,4,2,3,3,5,1,5,4,6,3,3,1,2,9,4,4,8,3,12,3,3,2,3,3,2,7,2,11,7,12,3,5,2,5,4,5,6,5,6
Newcastle,LGA15900,45,33,26,39,26,21,26,37,30,47,34,31,40,53,47,53,33,49,45,52,48,55,51,60,56,69,54,51,60,66,51,54,47,71,60,81,54,51,54,69,55,78,63,66,47,61,66,74,78,59,72,56,46,70,61,46,53,70,61,81,76,55,72,41,31,64,61,51,35,67,61,84,78,70,58,58,45,63,56,52,71,70,60,71,58,57,64,49,56,46,58,54,60,67,84,74,63,81,77,68,76,64,49,49,46,57,72,50,77,51,48,32,41,49,44,57,57,57,70,67,72,76,57,33,61,44,44,41,52,54,42,48,58,51,60,38,34,38,44,43,53,37,63,54,71,58,58,42,46,47,39,45,47,69,64,46,74,53,61,56,37,52,70,52,66,65,64,82,90,56,73,49,45,45,52,59,46,54,59,54,75,50,73,52,73,60,43,54,57,61,75,57,68,72,73,47,46,61,49,43,67,54,55,57
North Sydney,LGA15950,2,1,6,3,6,4,9,1,5,9,1,5,14,6,4,2,7,3,6,5,6,6,2,7,3,6,9,6,7,4,7,7,3,5,3,6,5,5,6,11,8,4,8,5,8,10,13,8,12,10,6,3,9,7,7,7,10,8,6,7,17,6,6,18,7,4,10,3,8,5,7,10,7,6,6,5,11,8,8,6,7,7,8,7,8,9,12,7,1,10,5,5,10,8,9,9,4,5,2,7,10,7,12,15,17,6,7,10,13,10,14,7,2,9,3,12,11,9,6,5,7,8,6,6,8,2,11,7,8,6,7,9,14,6,9,6,9,4,11,8,9,6,8,13,16,8,12,13,10,7,3,9,12,8,5,10,17,5,11,5,10,9,10,8,13,13,6,8,18,6,13,13,10,5,11,8,15,13,12,8,8,13,10,14,10,13,10,12,4,10,11,15,12,7,8,6,12,6,8,10,14,6,11,16
Oberon,LGA16100,4,0,1,2,1,2,2,0,0,0,0,1,3,0,0,0,1,1,2,0,1,1,0,0,2,2,2,2,2,1,1,0,0,1,0,0,2,6,2,1,2,0,7,0,0,0,3,0,1,1,2,2,3,3,2,1,1,4,0,1,1,1,2,0,4,1,1,0,2,1,1,1,0,2,4,2,0,1,2,0,0,1,2,1,0,0,2,1,2,0,0,1,0,1,0,1,0,0,0,0,1,1,1,1,0,1,4,2,0,0,0,0,1,0,0,0,0,1,0,0,1,0,0,2,1,0,3,1,1,0,3,3,3,2,1,0,2,1,0,0,3,0,0,1,4,0,1,0,1,4,2,2,3,0,1,1,1,0,1,0,1,0,1,0,4,0,0,1,1,2,0,1,2,0,0,0,1,0,4,0,2,1,1,0,2,2,0,0,5,1,4,1,1,6,0,9,2,0,1,4,2,2,4,2
Orange,LGA16150,17,10,10,6,7,9,16,12,13,4,5,17,15,5,10,8,6,15,11,12,19,11,8,18,21,13,9,10,13,12,9,10,8,16,16,14,16,21,21,15,13,9,12,12,16,13,16,25,27,25,11,13,15,19,21,13,16,27,24,24,13,21,20,20,16,14,15,15,18,19,14,15,14,14,11,8,22,12,12,13,6,10,13,16,22,9,11,12,22,11,15,17,11,9,16,13,24,19,15,8,9,11,11,10,9,9,14,31,14,8,17,12,16,10,20,16,18,14,13,14,22,20,33,16,22,12,12,22,10,18,21,14,20,16,13,12,9,18,22,19,20,27,20,22,26,18,25,25,17,25,22,20,18,20,30,20,23,21,24,18,24,19,22,25,19,17,22,25,29,23,19,16,27,29,20,26,26,34,17,29,27,30,35,25,19,24,17,23,25,21,26,34,33,27,22,15,26,24,32,20,19,35,35,18
Palerang,LGA16180,0,1,0,0,0,1,2,4,1,0,0,3,2,0,3,3,3,4,0,1,5,2,3,2,0,0,0,1,1,1,2,0,1,3,1,7,4,4,1,0,3,3,0,0,0,2,0,5,1,1,2,0,1,3,0,1,0,1,1,4,4,1,5,0,1,0,3,3,2,2,2,8,1,2,4,0,0,0,1,1,1,2,2,0,4,1,5,0,6,2,3,0,2,4,1,5,4,3,5,4,0,3,1,1,1,3,3,3,2,1,1,1,0,1,3,1,3,0,0,2,3,4,2,7,5,0,1,1,0,3,2,4,2,6,1,4,2,0,0,1,1,1,7,2,6,1,3,2,4,1,0,8,3,1,3,5,3,5,4,2,3,1,2,2,1,3,1,0,1,2,2,3,0,0,1,3,0,1,4,2,0,3,0,1,1,2,0,2,2,1,1,3,1,3,0,2,0,2,1,3,1,0,1,1
Parkes,LGA16200,5,2,3,3,2,5,8,11,6,6,9,8,8,6,14,3,4,8,6,3,6,7,8,5,9,6,5,2,2,3,8,4,6,6,5,6,8,10,10,1,2,6,8,5,7,6,8,19,8,9,9,6,6,8,7,2,2,7,6,8,9,4,6,4,3,3,5,8,4,4,6,12,8,3,8,4,2,6,3,8,4,3,5,5,10,3,4,9,5,12,6,11,7,8,11,12,12,10,13,7,5,7,6,14,8,3,6,10,10,13,11,6,3,6,8,6,11,12,7,4,14,3,7,6,4,9,9,9,7,11,10,7,9,4,8,9,6,11,12,7,6,7,7,5,13,11,9,7,12,9,5,9,9,10,14,12,11,6,9,8,6,2,20,4,16,8,7,10,11,10,10,7,10,3,10,2,4,6,4,13,8,7,10,6,9,12,7,5,11,10,8,7,12,28,5,6,7,10,12,4,5,13,5,8
Parramatta,LGA16250,52,50,33,41,51,30,30,30,36,42,42,33,37,38,47,62,41,37,44,42,37,53,28,47,55,49,53,54,42,52,44,37,35,64,48,48,64,38,36,58,38,58,30,36,39,48,57,68,67,64,48,37,46,48,39,52,58,50,58,65,45,43,50,42,42,49,37,35,45,37,68,54,67,46,60,53,46,37,46,48,54,58,55,51,57,55,62,47,50,70,41,39,61,41,58,77,60,68,66,44,59,48,61,35,45,37,71,71,50,51,72,57,51,43,61,47,41,58,41,36,69,42,84,43,48,46,44,57,34,59,63,62,60,54,56,45,49,60,44,49,45,51,61,53,77,55,66,58,59,50,63,57,44,45,60,73,86,63,65,59,56,49,51,66,55,69,67,82,84,55,62,55,61,60,58,52,48,69,80,97,71,49,86,76,60,57,45,56,60,81,47,94,57,72,63,58,61,58,48,61,47,66,84,65
Penrith,LGA16350,81,62,60,72,45,42,43,44,38,48,55,59,56,64,58,64,54,40,60,55,35,47,59,75,83,66,56,53,61,61,50,50,75,85,46,76,55,47,60,51,44,54,43,49,72,56,54,82,75,64,60,42,61,55,58,63,61,76,65,72,81,70,90,69,74,47,65,63,52,66,66,68,80,65,73,56,69,60,61,72,57,67,54,73,80,65,74,65,52,51,58,73,63,76,44,85,102,77,67,79,83,72,57,62,70,79,82,82,78,89,82,72,77,56,74,74,74,76,83,67,86,77,72,57,58,83,54,57,71,70,91,87,78,83,84,60,65,68,76,81,82,79,96,91,118,98,84,70,92,85,88,84,53,64,98,76,86,81,74,69,54,62,73,64,63,89,90,74,84,72,88,55,66,92,75,82,87,98,89,114,118,81,96,75,82,67,87,108,94,80,92,89,96,91,110,81,93,82,65,73,75,82,91,118
Pittwater,LGA16370,4,3,4,6,9,6,3,1,1,3,4,10,8,8,9,13,7,4,5,10,6,5,5,9,6,6,8,9,9,2,4,6,6,4,5,11,6,2,10,10,4,6,6,9,11,12,15,8,12,5,12,9,16,5,11,7,13,9,12,16,14,5,11,5,10,2,4,7,11,4,4,8,13,4,9,7,15,3,8,3,1,6,9,9,10,9,7,7,8,14,6,7,11,10,5,7,4,13,9,6,6,2,3,3,3,2,6,6,4,10,5,5,6,6,6,3,5,7,5,7,13,4,7,2,2,5,11,1,12,8,11,10,13,13,7,3,6,3,5,7,9,4,2,10,7,8,9,11,9,11,13,17,9,7,3,5,8,6,2,10,7,6,11,12,6,11,9,9,9,6,12,6,3,5,7,11,4,9,10,8,12,1,8,7,10,8,4,7,6,6,3,6,15,6,9,9,6,10,9,8,8,4,4,3
Port Macquarie-Hastings,LGA16380,23,14,8,7,9,12,12,12,23,12,11,13,21,10,14,11,9,19,8,16,8,14,15,18,17,10,13,7,8,13,18,9,14,16,16,18,26,18,13,11,19,8,15,13,22,16,20,34,23,22,25,23,19,23,18,24,13,15,10,22,22,17,16,17,11,14,15,21,13,14,19,12,22,20,18,20,21,20,12,21,24,19,19,23,22,20,26,18,19,15,14,21,18,14,16,26,21,22,14,11,18,20,20,17,17,16,16,30,30,21,28,16,22,24,20,36,15,23,31,25,51,36,22,22,24,14,22,16,21,27,17,28,27,36,30,30,21,15,19,29,31,32,26,32,28,21,20,25,12,29,18,17,23,29,22,30,25,29,25,29,22,25,23,25,28,27,34,26,30,26,33,24,14,27,23,18,22,43,29,33,44,24,16,31,31,20,9,20,19,15,34,29,28,19,23,27,25,22,17,23,32,16,21,15
Port Stephens,LGA16400,16,10,13,10,8,13,14,18,15,16,8,18,19,14,16,19,14,17,19,13,11,9,18,16,19,20,12,9,12,14,16,12,10,19,22,36,34,13,20,18,10,13,10,15,24,22,28,32,21,39,27,19,28,21,23,26,12,13,21,34,23,19,19,15,19,23,16,15,20,25,27,32,21,19,28,23,20,17,24,22,21,27,23,32,27,18,18,19,25,26,13,25,20,28,20,35,37,30,34,20,26,22,35,22,17,19,20,32,23,25,25,29,24,18,15,20,10,26,16,30,37,20,21,17,14,22,24,15,23,17,25,21,27,14,19,13,14,25,12,22,12,20,21,33,23,19,13,11,17,16,24,14,12,11,16,19,32,19,24,40,13,15,27,26,18,21,26,34,35,23,28,17,22,15,22,18,25,27,27,26,24,26,19,33,27,21,31,23,37,34,27,21,27,30,31,19,36,28,19,27,22,23,29,32
Queanbeyan,LGA16470,17,10,9,10,7,8,12,9,9,13,14,17,15,14,23,9,19,8,14,9,16,13,19,10,21,19,11,11,15,12,8,9,19,14,22,11,11,12,14,15,11,9,5,6,12,13,13,6,14,17,17,9,13,14,6,14,19,16,16,16,15,20,12,7,17,19,6,18,8,17,15,17,18,18,9,11,11,13,13,11,23,18,16,17,24,12,14,9,18,19,10,10,13,13,5,17,17,23,18,16,18,7,12,9,12,13,10,17,11,14,11,13,9,11,22,11,16,13,5,14,12,9,6,9,11,8,11,11,11,8,10,17,11,13,9,11,11,11,14,9,7,15,3,23,17,11,12,14,17,14,16,12,11,9,17,12,19,7,11,9,8,10,4,10,5,13,13,13,12,9,12,15,20,10,6,8,9,9,10,12,20,5,15,14,6,6,9,6,9,4,9,4,9,10,14,12,14,13,4,12,9,13,21,6
Randwick,LGA16550,31,24,17,17,12,23,20,21,20,24,24,22,16,23,23,17,11,26,16,19,19,14,13,33,24,26,16,20,22,16,16,15,25,26,25,33,47,23,30,28,26,20,27,25,28,27,23,31,31,29,31,30,29,23,24,17,21,24,27,33,37,20,23,29,29,22,23,23,17,23,29,28,22,20,36,19,30,26,26,27,26,18,24,26,43,26,30,20,30,12,22,21,27,33,31,39,33,29,35,21,46,40,32,36,33,27,36,42,43,36,37,33,25,37,41,32,23,44,29,40,42,36,20,31,26,19,33,18,20,25,26,31,19,29,20,24,25,29,36,25,35,26,20,26,36,27,22,27,22,24,26,20,36,30,36,35,29,37,26,37,21,30,31,27,29,26,33,52,26,33,31,32,20,17,23,30,17,34,34,37,31,38,39,32,14,19,25,23,30,34,21,41,34,31,39,24,23,24,25,36,38,21,31,41
Richmond Valley,LGA16610,6,6,7,12,7,10,11,13,12,6,9,13,8,13,6,9,17,12,7,6,6,6,8,6,8,5,9,9,18,5,8,13,6,17,7,19,18,8,22,16,15,15,10,9,7,12,10,13,13,15,10,10,9,8,3,10,11,13,11,16,12,12,13,12,5,10,6,16,14,15,16,20,7,7,12,7,12,15,14,4,17,12,17,18,12,11,15,18,16,10,22,19,14,14,12,18,17,19,15,12,18,14,18,20,9,16,14,13,22,14,12,7,9,11,12,11,16,17,14,16,20,18,19,12,9,16,13,7,13,17,14,13,16,12,8,8,4,5,11,6,7,16,6,12,15,16,12,16,11,7,6,13,14,6,13,14,13,18,12,12,9,8,14,12,26,13,11,10,12,11,17,14,5,6,9,13,10,11,18,9,18,14,8,6,7,10,7,3,18,13,9,8,11,6,15,10,8,7,15,14,9,8,10,12
Rockdale,LGA16650,19,17,18,10,17,8,14,14,11,7,15,19,15,18,10,23,20,20,15,12,12,17,11,31,14,27,28,11,21,20,12,20,21,34,22,34,24,16,14,30,17,18,25,17,11,24,20,30,19,19,19,11,25,19,12,23,10,19,24,19,14,23,17,11,18,13,12,16,22,28,21,27,28,14,23,16,19,23,21,21,19,26,29,22,21,18,17,23,12,14,25,23,14,25,21,12,20,22,15,27,28,23,22,29,22,19,18,26,25,12,21,23,23,24,23,27,17,26,19,27,37,45,17,18,17,24,24,20,23,20,34,30,21,33,28,13,20,22,25,16,29,21,29,23,23,20,30,33,16,21,12,22,22,15,12,25,19,14,13,18,18,23,29,21,28,21,19,27,20,21,26,21,20,26,21,17,21,23,33,34,35,22,23,34,28,14,34,29,18,43,29,25,26,21,26,32,30,30,30,29,11,31,31,42
Ryde,LGA16700,17,8,12,5,15,6,6,8,15,10,10,7,13,16,8,8,13,22,11,9,14,10,13,16,12,8,16,10,13,14,8,6,15,12,14,11,7,19,10,22,11,14,21,18,15,14,17,16,18,10,13,14,14,18,17,17,7,23,13,7,18,22,19,18,19,19,9,11,17,15,13,21,13,14,13,13,16,13,13,6,17,10,15,13,23,14,16,7,6,12,5,9,7,10,15,14,23,18,18,19,11,13,12,10,18,15,17,17,9,7,8,10,16,8,21,5,17,16,12,19,25,18,16,14,15,10,16,17,10,13,15,11,14,13,14,12,6,10,10,6,13,7,6,16,16,12,12,11,9,5,7,12,4,15,11,14,12,8,15,13,14,5,19,3,8,14,13,26,16,13,17,14,17,10,17,9,10,13,13,19,16,9,16,16,17,8,10,13,9,11,12,17,13,18,11,9,5,17,11,10,14,18,25,15
Shellharbour,LGA16900,4,9,12,14,9,18,10,9,9,19,14,19,18,12,18,14,10,13,24,19,26,17,15,21,27,20,18,23,13,21,15,28,18,28,20,12,31,23,26,23,17,20,25,31,27,23,27,35,26,25,30,15,25,26,27,12,18,15,16,26,29,27,19,28,18,23,25,14,18,21,17,32,23,26,21,28,30,16,23,22,23,28,17,34,26,27,22,10,23,10,24,22,28,22,24,28,23,15,24,22,23,14,16,18,18,17,25,28,28,23,16,16,16,27,30,23,18,19,21,21,16,17,15,16,21,10,11,12,20,17,17,10,20,14,18,18,14,22,15,16,28,20,17,17,19,17,14,26,23,21,15,20,15,20,28,18,21,11,13,16,21,20,24,18,22,16,29,23,31,17,17,22,15,17,17,17,15,19,25,23,23,19,24,26,15,11,17,20,21,23,23,43,29,19,30,13,19,15,29,21,19,19,34,27
Shoalhaven,LGA16950,36,28,22,40,27,28,34,23,34,47,36,38,42,34,44,27,22,23,32,56,33,44,28,63,42,32,30,45,43,31,29,38,31,40,44,50,44,39,34,44,61,39,52,38,37,44,37,54,58,57,42,35,51,32,35,47,51,40,48,52,61,53,54,35,41,46,38,28,51,45,36,46,50,42,42,37,49,37,42,53,44,51,44,49,43,44,51,33,22,40,36,41,34,38,41,62,62,36,62,41,41,37,28,35,33,37,34,49,42,45,60,27,55,54,41,46,48,41,47,54,48,46,37,37,41,45,41,35,37,55,58,55,55,54,49,30,43,34,27,47,50,27,56,45,59,47,42,33,30,46,36,34,48,46,35,37,64,50,43,43,26,25,28,25,27,38,40,45,48,29,37,41,39,42,30,44,34,17,27,31,45,25,27,23,36,42,29,36,35,34,37,39,32,46,15,24,27,40,28,39,32,32,46,27
Singleton,LGA17000,9,3,5,3,2,1,0,3,3,6,2,6,2,6,5,13,9,4,6,7,7,9,11,7,7,4,6,4,3,2,4,5,4,5,5,2,7,6,5,1,4,2,5,4,3,6,5,5,4,13,4,4,8,4,5,9,0,6,6,5,8,11,6,6,3,5,5,6,2,8,6,6,5,8,2,2,1,2,4,8,4,6,11,9,8,6,4,2,5,4,6,2,6,4,10,5,8,3,7,1,5,5,7,1,4,4,14,1,6,8,4,4,6,3,7,5,12,5,9,3,14,2,3,9,7,2,2,3,2,4,7,8,6,5,5,8,4,6,5,4,4,1,5,5,6,5,4,6,7,9,6,1,2,4,9,8,13,10,5,6,7,5,11,6,4,4,5,3,8,8,7,3,5,2,5,7,8,3,7,18,6,11,9,7,3,4,4,4,6,3,3,6,7,10,6,6,9,7,8,2,8,12,7,6
Snowy River,LGA17050,0,2,0,1,0,2,2,0,1,0,2,1,0,1,0,0,2,1,5,0,1,0,0,0,2,1,0,1,2,1,3,3,2,2,0,1,1,0,1,1,2,2,1,2,1,0,2,1,2,2,1,0,0,1,1,1,2,1,1,1,2,3,0,4,3,0,1,2,7,4,2,2,2,1,1,0,1,1,3,1,1,1,0,3,4,3,1,0,1,4,3,1,0,1,1,1,1,1,0,2,0,1,2,2,0,1,0,5,2,2,0,2,1,1,6,0,2,0,0,0,1,2,1,0,1,2,2,6,2,1,1,3,4,2,1,0,1,0,1,2,3,3,1,1,4,1,1,0,0,0,1,1,1,3,8,1,1,0,0,1,0,3,3,2,2,2,0,3,0,3,1,0,2,5,2,2,3,1,2,1,1,1,1,0,0,1,1,1,1,2,0,1,0,0,2,1,1,1,4,2,2,0,3,0
Strathfield,LGA17100,12,5,5,4,4,3,0,7,4,10,8,8,9,4,4,3,2,1,2,2,1,3,6,4,1,3,5,2,8,2,4,2,2,3,2,9,4,1,4,0,2,5,2,7,3,5,3,5,10,3,7,6,2,10,4,3,3,2,9,6,3,4,4,8,4,3,6,5,0,5,6,5,5,7,7,4,3,1,2,2,2,4,9,0,0,3,2,3,5,4,7,5,7,5,3,4,4,8,4,4,4,2,4,7,10,4,4,2,11,9,8,12,6,7,4,7,4,20,8,3,8,4,4,8,7,5,11,6,8,5,6,9,10,6,7,9,9,9,13,3,6,15,12,8,19,8,8,6,12,8,10,5,7,10,10,12,6,6,11,14,9,9,6,12,6,10,6,9,6,11,8,13,11,5,5,12,15,15,13,7,10,15,7,12,10,6,10,5,7,8,9,14,6,7,17,6,7,13,8,4,9,9,4,12
Sutherland Shire,LGA17150,48,17,31,26,37,23,24,19,27,25,26,38,33,34,19,23,31,22,27,25,26,27,26,35,24,58,29,35,17,33,35,20,34,41,31,41,46,38,38,27,33,25,34,22,33,44,36,50,35,34,31,33,41,23,21,26,23,34,30,28,32,23,42,29,34,25,29,28,28,29,28,29,43,20,29,26,24,22,30,25,26,30,20,26,45,33,44,36,17,27,44,23,40,37,31,39,40,40,44,32,48,53,40,39,38,35,40,50,58,42,35,31,29,36,38,43,20,48,33,50,41,44,48,34,32,41,30,39,36,35,45,38,56,40,59,35,51,32,36,43,29,49,34,37,56,51,46,36,34,28,48,29,35,38,45,43,43,46,32,36,41,39,32,43,27,28,40,40,29,28,32,37,25,43,28,24,25,39,26,38,48,30,48,45,34,23,33,24,38,36,39,44,41,40,45,33,35,29,47,47,33,44,27,32
Tamworth Regional,LGA17310,29,15,7,4,6,9,14,13,13,15,10,8,14,10,3,6,10,8,11,9,7,10,10,21,16,10,12,16,7,8,4,17,14,20,16,16,26,15,8,15,12,18,7,14,21,11,17,15,25,17,19,8,9,18,10,11,12,20,16,17,14,13,14,14,10,20,8,17,12,12,19,8,14,20,19,17,14,20,21,22,20,27,27,22,40,21,20,28,17,18,15,29,25,27,15,27,30,17,24,17,15,16,19,20,10,23,30,18,25,22,17,25,21,17,25,15,22,25,21,33,46,26,30,21,21,13,19,19,22,35,38,38,48,19,27,21,41,19,24,39,37,32,29,35,45,23,31,23,23,28,24,36,31,33,36,30,50,39,24,35,29,31,34,37,45,32,35,30,36,30,34,25,32,29,32,28,40,39,37,46,34,28,28,25,18,23,21,26,30,34,38,32,37,31,24,18,28,26,30,27,36,29,35,39
Temora,LGA17350,1,0,1,0,1,1,0,2,1,1,1,4,4,0,2,1,1,1,2,1,1,0,2,2,2,2,0,2,0,2,2,1,1,3,8,5,1,2,3,0,5,2,1,3,1,2,6,1,1,4,3,5,0,0,1,1,4,1,3,2,3,2,1,0,1,2,5,6,0,3,1,2,5,2,0,5,1,0,3,4,0,2,1,0,1,1,1,1,2,1,2,2,2,0,1,3,6,2,1,1,1,3,0,1,5,0,0,2,4,1,1,3,1,0,2,1,1,3,0,1,0,1,2,1,1,4,0,0,3,2,1,0,1,1,1,3,4,3,1,2,2,0,0,2,0,1,0,4,2,0,0,2,2,0,1,7,1,1,0,1,0,2,2,3,0,3,2,3,5,3,2,0,2,1,2,2,1,2,2,5,4,1,1,1,1,0,4,4,1,3,2,2,1,0,2,2,2,2,0,3,2,2,1,5
Tenterfield,LGA17400,1,5,3,3,3,5,4,3,5,0,4,4,5,5,0,7,2,1,4,1,4,2,0,1,5,3,3,1,2,5,1,3,2,4,2,2,1,4,2,3,3,2,1,0,3,1,2,4,5,6,1,7,6,8,2,6,4,1,4,9,2,4,1,3,7,2,4,3,7,7,6,10,2,4,5,7,1,3,6,6,5,5,1,8,7,6,7,5,4,4,9,7,9,5,7,10,5,6,5,2,1,10,3,10,3,7,9,5,2,9,3,6,3,2,6,12,8,10,4,0,4,6,5,2,2,2,2,6,1,7,10,2,9,4,3,3,6,2,4,1,1,7,8,2,3,4,5,6,3,4,4,7,2,3,5,8,1,2,3,1,5,1,5,4,5,3,4,1,4,9,1,6,5,1,2,2,8,4,4,6,4,1,4,1,2,8,2,6,4,6,11,7,9,8,3,0,4,2,3,2,6,5,5,4
The Hills Shire,LGA17420,12,10,11,6,9,7,8,10,6,8,10,8,12,10,11,6,10,9,15,9,9,7,6,17,5,12,10,4,15,17,12,9,16,12,14,14,20,15,23,6,11,14,13,15,26,23,17,20,17,14,26,20,31,18,15,14,21,13,24,16,37,17,20,10,19,21,15,12,14,22,20,18,20,20,10,12,24,29,27,18,20,20,20,30,42,26,21,19,25,20,16,18,24,14,22,29,22,35,26,25,22,29,23,24,28,30,36,23,37,27,23,25,20,29,16,23,24,27,30,38,26,35,32,28,22,21,17,31,26,22,24,38,27,25,29,13,18,23,26,25,21,23,25,29,23,25,39,22,19,19,15,22,15,21,22,20,30,20,26,11,17,21,33,23,23,16,23,19,17,18,26,22,29,23,22,22,14,25,23,26,28,23,20,21,21,19,21,28,24,20,24,17,17,18,21,18,14,14,24,20,15,17,26,23
Tumbarumba,LGA17450,2,1,2,0,0,0,1,2,0,0,0,0,1,0,5,2,2,3,1,2,0,2,0,0,1,0,1,1,1,1,3,1,5,0,0,3,1,1,0,0,2,1,3,2,2,0,0,1,3,2,3,2,0,0,0,0,5,1,0,1,4,0,1,0,1,3,3,0,0,2,0,3,1,0,2,1,0,2,0,1,0,1,1,0,1,1,1,1,0,1,1,1,0,1,0,0,1,0,0,0,1,2,0,1,0,0,0,2,1,2,2,2,0,1,1,1,1,0,1,0,0,0,2,1,0,1,0,0,0,4,0,1,2,3,0,0,1,0,0,0,0,0,1,1,0,0,0,0,2,1,3,0,0,1,2,0,0,0,1,1,0,0,0,0,0,1,2,1,0,1,0,1,1,0,0,1,0,1,0,0,0,0,0,3,0,2,0,4,0,0,0,0,1,1,2,0,0,2,1,0,2,2,2,1
Tumut Shire,LGA17500,0,0,1,1,4,4,2,3,3,6,0,3,3,6,3,5,3,5,6,3,4,5,3,6,5,3,7,3,2,2,3,2,4,5,2,9,7,6,6,3,4,7,6,3,5,8,8,9,11,2,4,10,12,6,5,5,5,8,5,3,10,6,4,3,4,6,9,8,7,6,5,2,6,4,5,12,4,2,9,2,4,3,5,6,7,12,4,6,4,8,10,6,5,6,7,12,3,7,6,0,4,9,2,3,4,7,3,1,17,6,3,3,3,1,2,7,7,8,8,5,4,2,2,6,0,6,1,5,4,2,3,6,4,4,1,4,3,2,4,4,2,3,4,5,2,6,5,3,5,1,3,2,3,4,2,10,6,3,3,2,4,8,1,6,5,4,1,3,14,3,4,2,5,1,5,8,3,3,7,3,1,4,2,4,7,6,1,13,8,5,4,6,1,4,3,3,9,6,3,7,6,7,10,5
Tweed,LGA17550,19,21,14,8,10,7,11,16,15,10,10,13,14,14,10,12,9,14,17,10,9,7,12,5,16,11,10,8,6,10,11,15,16,13,14,13,21,19,20,12,10,11,20,13,17,21,21,23,27,21,17,16,12,18,21,8,13,9,24,21,24,19,13,12,16,24,20,18,16,18,19,30,19,26,22,20,21,13,17,12,17,20,15,28,27,21,19,20,15,14,14,23,23,30,28,36,28,24,11,17,14,16,29,28,16,19,21,31,33,30,21,13,27,29,14,22,8,28,26,23,30,19,20,20,17,24,25,30,15,29,23,38,32,21,25,27,15,12,24,15,25,36,17,25,38,20,21,19,17,22,20,17,8,28,18,26,31,27,14,25,21,16,15,27,34,27,21,31,26,22,27,28,21,20,22,34,31,28,35,43,44,31,41,33,32,27,22,40,32,35,26,45,31,34,39,29,20,19,25,33,21,23,22,33
Upper Hunter Shire,LGA17620,1,3,4,1,3,0,1,4,3,1,1,0,1,2,6,1,1,3,1,0,3,1,1,2,4,3,0,0,5,3,0,1,2,0,1,5,0,3,2,3,4,3,3,3,0,3,9,5,5,2,2,2,5,3,2,2,1,3,3,1,7,3,1,3,2,0,6,3,0,1,2,5,2,2,5,1,5,0,4,1,2,2,2,3,1,1,3,1,2,0,0,1,3,0,1,0,3,1,1,5,0,2,1,0,5,4,0,5,2,2,2,2,0,1,1,2,1,4,4,4,6,2,2,3,4,1,5,1,5,1,3,1,0,2,6,3,1,3,4,2,4,3,3,3,6,1,2,2,4,3,5,0,4,2,2,5,2,2,2,2,1,2,5,3,2,1,3,2,5,2,3,0,4,1,0,2,1,2,2,5,4,1,3,4,2,1,1,0,0,0,5,3,2,2,2,0,8,1,4,2,4,2,0,0
Upper Lachlan Shire,LGA17640,1,0,1,1,1,0,0,1,0,0,3,1,2,0,2,0,1,1,3,0,1,0,0,0,3,2,1,0,0,1,0,0,1,0,1,2,4,0,2,0,0,1,1,2,0,2,0,1,5,4,1,0,3,1,2,0,3,0,1,2,0,2,2,2,0,3,0,2,3,3,0,1,0,4,2,1,1,0,0,0,0,0,0,1,0,2,2,0,1,0,0,0,0,2,0,0,0,2,3,1,1,3,0,0,1,1,1,1,1,0,1,1,0,1,0,1,1,0,0,2,1,1,0,0,0,1,1,1,0,1,1,3,1,0,0,0,0,1,0,3,1,0,0,3,4,1,1,1,0,2,0,0,0,1,2,0,0,0,0,1,0,1,0,2,0,1,1,2,2,2,1,1,1,1,0,2,0,4,0,1,1,0,0,1,1,2,1,2,2,2,3,1,2,0,0,2,0,2,2,1,0,3,2,0
Uralla,LGA17650,1,4,0,0,1,1,5,1,1,1,0,1,1,2,1,5,2,2,0,1,2,1,1,0,1,2,2,0,2,4,2,3,2,4,1,2,1,3,3,1,1,1,1,1,1,1,0,1,2,1,6,4,1,1,0,1,0,1,1,1,1,1,2,1,1,1,1,0,2,3,2,3,3,0,3,0,1,1,2,1,1,2,1,1,5,1,3,3,2,2,0,2,3,2,3,2,3,1,1,0,2,0,2,0,0,1,1,1,1,3,1,1,1,1,3,1,1,1,2,0,0,2,0,2,0,1,0,0,0,2,1,4,1,0,2,1,1,1,0,1,3,2,2,0,12,3,2,5,0,1,1,1,1,2,3,1,1,3,2,1,1,0,2,1,0,3,1,2,5,2,0,1,0,0,0,2,3,0,1,2,2,0,3,0,3,0,2,2,1,0,7,1,1,1,0,1,0,0,0,0,0,3,0,2
Wagga Wagga,LGA17750,29,13,24,17,14,16,19,30,19,16,29,21,25,24,22,12,23,22,20,23,14,14,34,30,24,41,31,31,27,17,41,20,29,37,21,33,42,33,26,19,23,27,19,24,33,38,43,35,33,29,28,20,25,25,26,27,23,16,27,25,29,27,26,21,27,17,19,19,20,35,29,25,30,23,25,19,11,13,26,23,13,21,22,34,16,14,27,12,23,18,15,10,17,32,19,17,27,33,23,23,17,32,15,13,19,24,25,30,26,27,28,20,18,27,16,21,19,17,20,20,26,31,24,19,17,26,18,34,10,32,26,30,22,32,17,19,15,16,17,18,17,21,16,26,29,27,26,19,15,17,16,18,25,22,29,15,30,21,38,30,22,21,18,30,27,26,23,29,41,27,34,29,21,35,28,20,31,23,24,36,35,21,29,22,18,30,25,17,29,27,25,27,26,25,28,13,22,29,22,22,25,35,40,38
Wakool,LGA17800,2,1,0,1,1,0,0,0,0,1,0,1,1,0,0,0,2,2,3,3,1,3,1,2,3,1,1,0,0,1,2,4,1,2,2,0,1,0,0,0,0,2,0,0,2,0,0,1,0,0,0,0,3,1,0,0,0,0,1,0,1,0,1,0,0,1,0,0,0,0,3,0,1,1,0,1,0,0,0,0,0,0,1,1,0,1,1,1,0,0,0,0,0,1,0,2,0,2,0,1,0,0,1,2,1,0,0,0,2,1,0,0,0,0,1,2,1,0,0,0,0,2,1,2,0,0,0,0,3,0,4,0,1,0,1,0,0,0,2,0,1,0,1,3,2,2,0,0,0,2,1,0,2,2,2,0,0,1,0,5,2,0,2,0,2,1,3,2,1,0,0,3,0,1,2,2,1,1,0,2,1,1,0,1,2,0,1,0,0,0,4,1,1,0,0,0,0,0,1,0,0,0,0,2
Walcha,LGA17850,4,3,2,2,1,5,1,3,0,0,1,3,3,1,1,1,1,2,4,2,2,0,6,3,2,1,0,2,1,0,1,0,3,0,0,2,2,1,3,0,0,3,3,2,0,1,4,1,1,0,2,1,0,0,0,0,2,1,1,1,1,0,1,0,1,0,1,0,0,1,0,1,2,7,2,0,0,0,0,0,0,1,1,1,4,3,2,1,2,0,0,1,0,0,0,0,0,1,3,1,3,0,0,3,0,0,0,1,0,1,1,0,0,1,1,0,0,1,0,1,3,1,0,0,0,0,0,2,1,2,0,2,2,1,0,0,0,0,2,0,1,0,0,2,0,3,2,0,1,0,1,1,1,1,0,1,1,2,0,0,1,1,1,0,0,2,0,1,1,0,1,0,1,2,2,0,1,3,1,0,0,1,0,2,3,0,0,0,0,0,0,0,1,1,1,2,1,0,0,0,0,1,1,0
Walgett,LGA17900,20,19,18,19,13,18,19,10,11,12,9,15,22,13,14,18,18,13,11,8,15,9,23,24,43,19,13,16,10,16,20,16,10,12,21,23,23,19,16,10,12,11,15,17,15,24,11,22,25,13,8,7,12,13,15,16,13,20,10,20,29,16,17,25,22,27,21,28,17,22,32,19,30,22,20,19,12,20,21,13,19,18,19,18,17,20,30,9,15,25,21,23,16,17,21,26,14,20,16,15,13,12,9,13,13,21,22,9,15,12,12,7,13,14,5,14,20,12,21,20,24,23,18,9,10,13,8,22,15,12,18,22,20,21,16,16,17,21,15,13,14,20,19,22,16,12,21,20,16,10,13,19,13,18,8,13,20,17,11,16,11,13,20,18,14,15,16,28,28,13,15,20,15,14,16,14,23,21,20,20,12,14,13,13,14,15,6,10,18,18,18,20,20,13,17,15,15,14,5,9,21,14,15,20
Warringah,LGA18000,19,14,18,7,10,16,15,10,16,21,10,19,28,17,23,21,15,22,19,21,17,16,11,31,28,29,17,24,12,13,11,14,15,28,22,22,26,29,21,31,25,20,19,25,28,23,22,35,36,26,34,23,30,27,21,28,29,30,29,39,45,27,14,17,20,26,11,17,16,13,28,41,19,23,21,20,27,19,21,10,23,14,20,23,18,25,10,13,16,16,11,15,24,22,15,20,28,22,17,14,17,11,16,24,15,31,15,17,24,19,20,12,10,18,12,17,14,17,22,33,34,24,29,29,13,14,15,14,20,16,20,15,29,21,31,21,20,16,19,15,17,14,12,23,23,45,26,24,22,23,26,17,15,27,30,11,24,21,10,17,18,17,18,15,24,25,21,22,24,17,17,26,19,17,17,14,19,20,21,25,26,27,17,20,17,22,24,21,13,14,23,21,22,11,18,21,13,11,15,13,13,16,18,17
Warrumbungle Shire,LGA18020,2,1,5,1,3,3,1,2,4,0,4,2,2,3,1,1,2,0,2,4,3,1,6,2,15,5,2,0,4,2,2,3,3,3,3,2,6,3,2,4,2,3,2,5,5,3,2,5,5,1,5,0,4,2,4,0,0,4,3,0,0,1,8,1,3,2,4,1,3,3,4,3,5,7,8,2,4,0,4,1,5,10,3,2,4,2,6,1,0,5,6,2,2,2,5,3,3,4,7,10,3,3,5,6,3,6,10,4,4,6,1,2,3,4,2,3,11,5,3,7,4,1,8,4,3,4,4,6,1,4,2,4,5,2,1,4,3,4,6,3,7,5,4,5,6,12,3,2,2,10,5,3,4,4,2,7,8,3,6,2,2,4,3,4,3,7,7,6,4,5,5,1,3,7,5,4,4,2,3,7,2,7,4,3,3,9,3,1,5,3,4,4,4,5,3,6,3,5,2,2,3,3,6,3
Waverley,LGA18050,6,12,14,10,10,7,4,11,4,10,11,10,12,7,5,3,4,11,7,11,13,6,3,15,15,12,10,9,6,5,9,8,15,10,15,11,11,17,20,9,12,11,12,15,18,9,12,18,11,13,14,15,19,9,12,10,13,12,14,19,16,8,15,10,5,8,10,8,14,13,13,15,13,7,14,10,10,17,6,10,11,11,9,23,18,4,21,14,7,4,14,8,14,9,11,17,11,8,20,20,12,15,12,16,18,17,13,9,11,11,15,9,9,10,14,10,21,21,15,9,14,12,15,10,12,16,10,11,8,9,6,16,15,19,9,14,14,9,8,7,19,10,6,14,16,17,6,9,10,12,9,16,11,10,8,10,13,10,7,9,9,7,6,9,12,12,12,10,14,19,13,11,7,9,10,9,16,8,17,16,18,16,18,10,7,6,8,13,9,17,14,8,16,9,19,29,18,12,11,7,10,17,23,29
Weddin,LGA18100,0,0,0,0,0,3,1,1,0,0,0,4,0,1,0,2,1,3,0,0,2,0,3,2,0,3,1,0,0,3,0,2,3,0,2,1,1,1,2,0,2,0,0,0,0,3,0,2,1,0,0,1,0,0,0,1,3,0,0,3,1,0,0,2,1,1,1,0,1,0,0,1,0,0,0,1,0,1,0,0,0,1,1,0,1,5,1,0,1,0,1,2,1,0,4,1,1,0,0,0,1,1,0,0,0,0,1,6,1,0,0,1,2,1,1,0,4,0,1,2,0,0,0,0,0,0,0,0,0,0,1,0,1,2,2,0,2,0,0,0,0,0,0,0,2,0,0,0,1,0,0,0,0,3,0,2,0,2,0,0,0,0,0,0,0,1,1,1,1,1,1,0,0,1,0,2,0,1,1,0,2,1,1,0,3,0,0,1,0,0,0,1,0,1,1,2,0,2,1,1,1,1,0,0
Wellington,LGA18150,8,4,3,4,1,1,5,4,3,2,4,7,11,8,5,1,2,4,4,3,2,8,3,8,6,7,10,3,6,2,0,7,6,3,6,3,6,9,3,2,4,7,2,8,2,8,9,5,7,5,10,5,4,4,8,10,7,5,11,8,9,6,7,8,6,1,3,6,3,5,4,5,4,5,4,4,3,5,2,5,3,3,5,3,8,6,2,5,4,5,13,6,3,4,6,4,9,4,2,4,5,6,4,13,7,1,3,2,1,4,5,4,4,3,4,4,6,6,6,7,8,11,3,2,7,6,10,6,8,4,5,4,7,4,13,8,5,5,3,2,9,5,4,4,12,12,9,5,4,4,8,4,9,8,13,5,10,9,7,4,5,5,7,4,9,7,7,4,8,5,2,3,2,6,2,10,4,5,4,5,8,3,11,7,5,7,6,5,4,3,10,17,8,3,6,3,4,5,5,2,8,8,10,11
Wentworth,LGA18200,3,4,4,11,3,2,10,5,5,1,3,11,10,12,2,9,5,5,8,8,9,9,16,21,5,12,10,16,10,4,5,9,2,2,7,6,13,9,13,9,6,5,9,7,8,5,5,6,13,5,7,8,4,6,7,10,4,9,5,11,6,10,14,4,3,4,6,3,5,3,9,1,4,9,3,4,5,13,1,6,8,5,9,9,17,5,2,4,5,6,4,5,2,7,5,5,8,5,9,5,12,2,10,6,6,7,12,8,6,6,2,6,5,2,5,8,3,8,9,9,11,12,9,6,4,1,12,3,6,11,7,9,9,11,7,6,8,6,2,6,7,2,7,3,0,3,6,6,1,3,12,6,6,4,8,11,5,14,1,6,4,4,3,6,6,6,9,11,6,7,7,6,4,5,4,5,3,8,7,6,6,16,10,2,6,3,7,5,3,5,4,6,7,1,9,9,1,6,4,1,9,4,7,8
Willoughby,LGA18250,4,3,1,2,2,3,2,1,5,0,4,3,1,9,7,8,10,3,7,7,4,6,5,6,12,8,6,7,5,3,2,4,3,5,2,7,3,9,15,5,12,4,7,6,11,10,5,8,11,9,2,3,4,9,7,4,6,9,6,10,8,10,13,5,7,10,7,5,7,9,7,18,6,9,10,9,4,8,4,5,8,6,4,7,2,7,10,7,4,8,4,8,4,6,3,8,9,8,3,4,5,3,5,9,8,9,12,6,13,0,7,4,3,0,3,1,5,5,4,4,7,5,8,4,4,4,4,2,5,1,3,6,4,3,7,7,5,3,4,3,5,4,6,8,6,8,5,6,4,8,4,6,5,7,3,3,10,4,10,7,7,7,5,7,4,9,7,9,7,13,11,7,8,6,6,5,3,6,4,11,2,3,7,5,7,5,7,11,4,3,9,7,8,11,7,9,5,8,4,6,7,7,12,5
Wingecarribee,LGA18350,8,9,13,5,14,7,4,5,7,11,5,15,4,7,10,9,5,11,7,6,9,3,8,12,10,5,8,7,6,16,2,10,9,5,4,10,12,12,9,6,5,8,5,7,6,11,8,5,11,6,13,7,5,18,7,9,11,10,9,12,18,10,9,8,8,8,12,7,5,9,11,17,12,11,20,21,9,11,7,18,2,11,11,19,14,13,14,9,11,16,11,6,8,6,10,5,24,11,13,6,10,10,10,10,11,10,9,7,13,11,10,11,6,9,7,10,19,3,4,10,14,13,15,10,8,14,11,3,5,5,8,14,11,10,9,10,6,9,6,9,6,14,7,11,12,13,6,7,12,8,10,4,16,10,9,9,6,9,8,18,13,6,9,9,6,6,8,14,11,7,13,7,2,12,8,13,7,10,23,11,10,10,14,4,13,10,10,10,9,14,8,19,11,8,14,12,11,6,10,2,13,9,16,12
Wollondilly,LGA18400,12,8,8,12,8,7,5,10,12,8,12,5,5,7,7,7,7,7,8,2,13,5,11,8,7,12,11,9,7,8,4,8,1,5,10,14,11,7,6,7,5,4,8,6,4,11,5,6,9,14,8,6,7,2,3,7,10,9,6,13,12,7,13,4,9,7,11,8,10,13,14,10,8,3,8,9,5,4,10,6,4,12,8,18,11,10,5,8,14,10,15,20,4,10,9,13,9,8,12,8,7,7,13,14,5,15,10,17,20,15,14,13,10,8,12,7,9,11,9,10,15,28,10,2,15,11,5,11,10,14,17,6,10,12,5,9,24,9,8,14,18,22,18,14,12,17,16,9,16,18,14,11,11,10,10,9,11,11,10,9,15,5,18,15,7,13,12,13,8,14,31,4,11,7,14,12,13,16,16,26,15,14,8,10,7,10,21,10,13,17,9,11,11,19,14,10,19,21,11,13,17,9,12,27
Wollongong,LGA18450,50,32,55,38,34,22,36,52,40,48,42,52,56,49,56,53,51,42,64,54,46,62,60,58,68,73,68,74,69,60,66,57,71,85,90,77,67,65,51,51,51,53,84,58,54,62,70,78,87,77,75,74,67,61,57,61,66,74,57,76,75,64,71,53,62,69,64,53,60,68,68,56,62,56,77,49,59,55,44,66,61,77,54,70,68,76,65,41,40,59,57,55,55,72,73,68,86,66,63,68,71,48,56,52,50,60,53,55,67,49,69,28,54,56,42,69,58,64,57,70,54,64,57,71,46,64,47,54,68,49,65,57,57,48,52,45,43,42,40,51,61,53,65,65,87,40,45,56,44,52,47,58,46,58,57,55,50,54,39,58,66,57,61,48,45,54,80,69,84,54,73,63,49,42,45,75,59,65,56,73,69,68,68,72,60,63,61,44,53,67,70,81,63,68,51,45,57,57,51,64,56,77,71,60
Woollahra,LGA18500,5,7,4,5,3,3,6,6,4,4,0,3,9,3,5,1,7,13,2,3,2,10,5,5,8,2,4,8,1,5,14,7,8,5,4,9,8,4,10,6,5,5,6,5,7,6,7,6,6,6,4,6,0,4,3,6,5,5,5,2,4,7,5,8,5,9,3,9,6,4,5,5,7,4,12,4,3,5,4,3,2,11,9,3,8,3,2,6,7,1,2,13,7,11,3,8,6,8,8,6,4,1,8,2,5,6,6,8,8,8,5,6,8,3,8,7,10,4,14,6,11,10,9,3,4,4,6,6,9,4,4,10,8,7,6,8,6,9,4,6,12,3,6,7,11,6,2,3,3,6,5,4,8,9,4,6,8,3,5,6,3,5,4,5,8,3,12,12,9,10,5,8,5,11,10,6,4,4,2,4,15,7,8,6,11,6,3,5,9,6,8,11,5,3,9,13,10,8,4,6,11,5,6,10
Wyong,LGA18550,43,40,41,32,33,33,28,24,34,34,34,43,54,52,58,39,44,37,46,48,37,47,60,60,69,64,81,47,51,56,46,38,56,66,62,90,82,46,65,52,47,49,49,45,52,57,66,76,81,78,50,55,48,55,56,58,68,59,59,80,72,56,64,52,54,65,53,61,61,55,62,62,71,77,45,47,54,47,49,58,63,57,67,89,90,53,68,52,63,47,57,63,63,63,75,64,85,73,87,64,59,70,56,51,69,58,67,70,69,74,63,51,74,52,46,42,66,70,84,73,67,75,66,55,70,31,51,51,70,74,70,74,80,50,62,56,60,49,53,58,53,39,69,83,83,56,72,53,57,68,61,57,63,41,46,55,85,58,69,50,45,47,60,52,55,60,71,82,92,57,59,53,60,51,58,57,46,57,64,72,56,63,61,59,54,58,73,71,56,77,93,87,76,61,87,69,50,52,66,74,48,79,86,72
Yass Valley,LGA18710,2,1,2,0,3,1,4,1,1,1,2,1,3,2,3,1,0,3,1,5,2,1,2,0,6,3,6,1,3,2,2,4,3,2,0,3,5,4,2,2,6,5,2,6,3,4,4,3,3,9,4,3,4,2,2,5,6,3,2,3,2,2,1,2,1,2,2,1,5,5,9,4,6,1,2,1,1,1,2,1,0,2,0,2,0,6,1,0,2,2,1,0,1,3,7,6,1,1,1,2,2,3,2,2,4,8,3,11,4,3,1,2,4,1,2,2,2,1,3,2,4,5,2,1,1,3,1,2,4,1,3,1,3,0,3,1,4,2,0,4,2,6,1,1,1,3,5,3,1,3,2,2,3,3,3,1,5,0,1,1,2,1,3,3,4,6,2,3,4,1,6,1,0,3,5,0,0,0,7,9,8,2,4,0,5,2,1,3,3,4,6,1,0,0,2,3,4,4,0,6,0,2,2,1
Young,LGA18750,4,2,3,3,3,3,3,5,3,3,2,1,2,1,3,3,4,1,3,4,4,0,3,6,5,6,3,3,4,4,1,3,3,10,9,1,4,1,2,6,2,1,6,2,4,1,1,5,7,7,4,1,3,4,3,3,1,9,7,9,8,5,7,3,2,8,3,3,9,4,8,10,4,3,8,8,7,5,1,10,6,3,4,7,3,4,6,4,8,3,3,9,7,2,7,8,2,4,2,3,6,4,6,3,5,4,6,6,9,5,12,7,5,3,7,1,6,3,4,8,9,6,5,12,5,5,4,4,6,3,6,8,3,5,2,9,6,1,7,7,6,5,5,11,11,7,3,6,4,8,2,5,9,3,8,3,5,2,3,10,2,5,5,4,11,4,6,7,9,6,7,4,7,9,7,5,4,9,8,6,5,7,8,10,3,9,7,7,3,9,10,12,8,7,4,2,4,4,5,6,4,9,6,9
