"","LGA","region_id","yr1999_dv","yr2000_dv","yr2001_dv","yr2002_dv","yr2003_dv","yr2004_dv","yr2005_dv","yr2006_dv","yr2007_dv","yr2008_dv","yr2009_dv","yr2010_dv","yr2011_dv","yr2012_dv","yr2013_dv","yr2014_dv","yr2015_dv","yr2016_dv","yr2017_dv","yr1999_pop","yr2000_pop","yr2001_pop","yr2002_pop","yr2003_pop","yr2004_pop","yr2005_pop","yr2006_pop","yr2007_pop","yr2008_pop","yr2009_pop","yr2010_pop","yr2011_pop","yr2012_pop","yr2013_pop","yr2014_pop","yr2015_pop","yr2016_pop","yr2017_pop","yr1999pct","yr2000pct","yr2001pct","yr2002pct","yr2003pct","yr2004pct","yr2005pct","yr2006pct","yr2007pct","yr2008pct","yr2009pct","yr2010pct","yr2011pct","yr2012pct","yr2013pct","yr2014pct","yr2015pct","yr2016pct","yr2017pct"
"1","Albury","LGA10050",123,181,192,236,247,207,222,271,272,258,239,216,235,253,277,304,268,284,278,44443,44896,45666,46121,46415,46620,47132,47694,48857,49171,49253,49397,49467,49802,50354,51021,51525,52165,52886,0.276758994667327,0.403153955808981,0.420444094074366,0.511697491381366,0.532155553161693,0.444015444015444,0.471017567682254,0.568205644315847,0.556726774054895,0.524699518008582,0.485249629464195,0.437273518634735,0.47506418420361,0.508011726436689,0.550105254796044,0.595833088336175,0.520135856380398,0.544426339499665,0.525658964565291
"2","Ballina","LGA10250",109,128,155,181,200,155,143,174,183,112,147,127,149,150,136,164,93,109,104,36931,37497,38159,38852,39239,39484,39713,40090,40411,40534,40650,40693,40753,41060,41378,41688,42075,42626,43064,0.295145000135388,0.341360642184708,0.406195130899657,0.465870482858025,0.509696985142333,0.392564076587985,0.360083599828771,0.434023447243702,0.452846997104749,0.276311244880841,0.361623616236162,0.312092988966161,0.365617255171398,0.365319045299562,0.328677074774035,0.393398579927077,0.221033868092692,0.255712475953643,0.241501021735092
"3","Bathurst Regional","LGA10470",108,119,137,120,163,214,191,190,198,226,223,193,219,187,195,238,204,186,216,34907,35268,35706,35991,36283,36557,36954,37508,37793,38404,39162,39645,39936,40345,40798,41272,41844,42389,42900,0.30939353138339,0.337416354769196,0.383689015851678,0.33341668750521,0.449246203456164,0.585387203545149,0.516858797423824,0.506558600831823,0.523906543539809,0.588480366628476,0.569429549052653,0.486820532223483,0.548377403846154,0.463502292725245,0.477964606108143,0.576662143826323,0.487525093203327,0.438793083111185,0.503496503496504
"4","Bega Valley","LGA10550",90,100,120,105,119,115,128,117,91,109,109,96,112,114,104,84,104,106,107,29758,30131,30703,31135,31477,31905,32246,32637,32647,32759,32878,33058,32999,33301,33444,33587,33742,33946,34095,0.302439680086027,0.33188410607016,0.39084128586783,0.337241047053156,0.378053817072783,0.360445071305438,0.396948458723563,0.35848883169409,0.278739240971605,0.332732989407491,0.331528681793296,0.290398693205881,0.339404224370435,0.342332062100237,0.310967587609138,0.250096763628785,0.308221207990042,0.312260649266482,0.313829007185804
"5","Bellingen","LGA10600",27,27,42,55,36,51,55,37,39,21,18,32,32,25,26,28,32,36,34,12741,12696,12731,12755,12777,12700,12748,12810,12949,12927,12949,12920,12886,12902,12902,12902,12901,12893,12888,0.211914292441724,0.212665406427221,0.329903385437122,0.431203449627597,0.281756280817093,0.401574803149606,0.431440225917791,0.288836846213895,0.3011815584215,0.162450684613599,0.139006873117615,0.247678018575851,0.248331522582648,0.19376840799876,0.20151914431871,0.217020616958611,0.248042787380823,0.279221282866672,0.26381129733085
"6","Berrigan","LGA10650",18,12,17,14,18,24,22,20,14,15,15,17,20,23,23,17,19,15,13,8157,8129,8138,8178,8156,8175,8304,8541,8363,8380,8366,8346,8282,8360,8424,8502,8544,8572,8617,0.220669363736668,0.147619633411244,0.208896534775129,0.171191000244559,0.220696419813634,0.293577981651376,0.264932562620424,0.234164617726262,0.167404041611862,0.178997613365155,0.179297155151805,0.203690390606278,0.241487563390485,0.27511961722488,0.273029439696106,0.19995295224653,0.222378277153558,0.174988334111059,0.150864570035975
"7","Blacktown","LGA10750",1402,1449,1622,1853,1745,1764,1702,1781,1720,1611,1795,1791,1899,1969,1865,1971,1948,2066,2022,255176,259693,264799,269855,273077,278098,282679,287634,285955,292337,298954,306566,312479,317765,324729,331783,339368,347591,356859,0.549424710787848,0.557966522008679,0.612540077568269,0.686665060866021,0.639013904503126,0.634308768851268,0.602096370795142,0.619189664643262,0.601493241943662,0.551076326294653,0.600426821517692,0.58421351356641,0.60772083884037,0.619640300221862,0.574325052582307,0.594062986952315,0.574008156337663,0.594376724368583,0.566610341899742
"8","Bland","LGA10800",20,22,20,24,18,6,14,15,26,35,21,17,25,25,26,24,18,21,19,6593,6612,6655,6636,6598,6542,6507,6562,6269,6153,6153,6067,6018,6037,6033,6042,6038,6031,5990,0.303352040042469,0.332728372655777,0.300525920360631,0.361663652802893,0.27280994240679,0.0917150718434729,0.215152912248348,0.228588844864371,0.414739192853725,0.568828213879408,0.341296928327645,0.280204384374485,0.415420405450316,0.414112970018221,0.430963036631858,0.397219463753724,0.298111957601855,0.348200961697894,0.317195325542571
"9","Blayney","LGA10850",13,6,13,21,10,19,17,20,28,27,17,13,17,23,21,26,21,15,38,6483,6463,6530,6611,6645,6677,6768,6894,6945,6958,7090,7134,7186,7292,7335,7372,7388,7418,7415,0.200524448557766,0.0928361442054773,0.199081163859112,0.317652397519286,0.150489089541008,0.284558933652838,0.251182033096927,0.290107339715695,0.403167746580274,0.388042540960046,0.239774330042313,0.182225960190636,0.236571110492625,0.315414152495886,0.286298568507157,0.352685838307108,0.284244721169464,0.202210838500944,0.512474713418746
"10","Blue Mountains","LGA10900",131,160,180,192,215,170,221,212,248,208,223,260,297,232,242,203,213,250,262,76171,76467,77021,77353,77415,76863,76275,75770,76334,77165,77914,78062,78391,78536,78682,78842,78847,78705,78800,0.171981462761418,0.209240587442949,0.233702496721673,0.248212739001719,0.277723955305819,0.221172735906743,0.28974106850213,0.279794113765342,0.324887992244609,0.269552258148124,0.286213004081423,0.33306858650816,0.378870023344517,0.295405928491392,0.307567169111105,0.257476979275006,0.270143442363058,0.317641827075789,0.33248730964467
"11","Bogan","LGA10950",12,23,18,17,17,15,26,23,19,22,22,29,23,22,23,33,35,27,20,3246,3227,3181,3159,3114,3117,3103,3113,3062,3035,3034,3028,3020,2984,2928,2898,2851,2768,2664,0.369685767097967,0.712736287573598,0.565859792518076,0.538144982589427,0.54592164418754,0.481231953801732,0.837898807605543,0.738837134596852,0.62050947093403,0.724876441515651,0.725115359261701,0.95772787318362,0.76158940397351,0.737265415549598,0.78551912568306,1.13871635610766,1.22763942476324,0.975433526011561,0.750750750750751
"12","Botany Bay","LGA11100",128,132,130,135,117,120,125,116,161,125,118,126,129,143,105,110,121,0,0,36879,37017,37193,37363,37446,37120,37262,37415,38218,39114,40109,41031,41674,42279,43264,44677,46454,49058,51412,0.347080994603975,0.356592916767971,0.34952813701503,0.361320022482135,0.31244992789617,0.323275862068966,0.335462401374054,0.31003608178538,0.421267465592129,0.319578667484788,0.294198309606323,0.307084887036631,0.309545519988482,0.33822938101658,0.24269600591716,0.24621169729391,0.260472725707151,0,0
"13","Bourke","LGA11150",126,139,152,142,147,154,168,128,108,114,118,114,135,135,139,124,135,92,89,3930,3887,3951,3816,3682,3538,3400,3249,3128,3099,3060,3065,3085,3005,2914,2888,2823,2787,2720,3.20610687022901,3.57602263956779,3.84712730954189,3.72117400419287,3.99239543726236,4.35274166195591,4.94117647058823,3.93967374576793,3.45268542199488,3.67860600193611,3.8562091503268,3.71941272430669,4.37601296596434,4.49251247920133,4.7700754975978,4.29362880886427,4.78214665249734,3.30104054538931,3.27205882352941
"14","Broken Hill","LGA11250",128,150,191,228,284,131,129,168,159,174,174,166,191,134,169,169,179,160,181,21476,21187,21098,20888,20651,20408,20287,20223,19997,19855,19594,19320,19125,18975,18773,18587,18305,18027,17780,0.596014155336189,0.707981309293435,0.905299080481562,1.09153581003447,1.37523606605007,0.641905135241082,0.635875191009021,0.83073727933541,0.795119267890184,0.876353563334173,0.888026947024599,0.859213250517598,0.998692810457516,0.706192358366271,0.900229052362435,0.909237639210201,0.97787489756897,0.887557552560049,1.01799775028121
"15","Burwood","LGA11300",49,55,45,54,64,78,57,70,69,79,75,105,88,76,74,72,76,72,84,30044,30335,30580,30702,30806,31025,31109,31387,33082,33460,33809,33922,34305,35098,36140,37201,37819,38495,39172,0.16309412861137,0.181308719301137,0.147155003270111,0.175884307211257,0.207751736674674,0.251410153102337,0.183226718955929,0.223022270366712,0.208572637688169,0.236102809324567,0.221834422786832,0.309533635988444,0.256522372831949,0.216536554789447,0.204759269507471,0.193543184323002,0.200957190830006,0.187037277568515,0.214438884917798
"16","Byron","LGA11350",85,112,99,95,103,88,83,110,89,111,111,99,85,126,118,135,90,97,112,28506,29127,29689,29990,30383,30676,30787,30898,30641,30860,30952,30924,30825,31099,31523,31920,32344,32790,33339,0.298182838700624,0.384522951213651,0.333456835865135,0.31677225741914,0.339005364842182,0.286869213717564,0.269594309286387,0.356010097740954,0.2904604941092,0.359688917692806,0.358619798397519,0.320139697322468,0.275750202757502,0.405157722113251,0.374329854392031,0.422932330827068,0.278258718773188,0.295821896919793,0.33594288970875
"17","Cabonne","LGA11400",31,24,30,34,26,46,30,30,29,28,44,39,41,42,41,55,49,29,23,12413,12422,12547,12589,12610,12607,12705,12843,12907,12959,13078,13121,13188,13339,13497,13543,13560,13625,13647,0.24973817771691,0.193205602962486,0.239100980314019,0.270077051394074,0.206185567010309,0.364876655826128,0.236127508854782,0.233590282644242,0.224684279848144,0.216066054479512,0.336442881174492,0.297233442572975,0.310888686684865,0.314866181872704,0.303771208416685,0.406113859558443,0.361356932153392,0.212844036697248,0.168535209203488
"18","Camden","LGA11450",95,84,122,119,147,145,121,136,116,138,163,180,179,151,156,191,242,223,306,40324,42906,45454,47818,49416,50223,51561,52459,52349,53729,55298,56770,58376,61190,64197,68813,74329,80476,87250,0.235591707171908,0.195776814431548,0.26840322083865,0.248860261826091,0.297474502185527,0.288712342950441,0.234673493531933,0.25925008101565,0.221589715180806,0.25684453460887,0.294766537668632,0.317068874405496,0.306632862820337,0.246772348422945,0.243002009439693,0.277563832415387,0.325579518088498,0.277101247576917,0.350716332378224
"19","Campbelltown","LGA11500",717,787,854,961,998,1073,1042,1189,1108,990,1112,1038,985,910,962,998,883,933,803,149339,149525,150154,150489,150483,149672,149491,148969,147687,148479,149902,150288,151221,152477,154338,156304,158591,161409,164273,0.480115709894937,0.526333389065374,0.568749417264941,0.638584879958004,0.663197836300446,0.716900956758779,0.697031928343512,0.798152635783284,0.750235294914244,0.666760956094801,0.741817987751998,0.690673906100287,0.651364559155144,0.596811322363373,0.623307286604725,0.638499334629952,0.556778127384278,0.578034682080925,0.48882043914703
"20","Canada Bay","LGA11520",75,90,96,93,75,103,90,100,89,102,132,101,120,107,135,150,122,108,112,59523,60959,62322,63571,64626,66020,67602,68955,70421,72307,75191,77549,79905,82636,85535,88535,90419,92382,93858,0.126001713623305,0.147640217195164,0.154038702223934,0.146293121077221,0.116052362826107,0.156013329294153,0.133132155853377,0.145022115872671,0.126382755144062,0.141065180411302,0.175552925217114,0.130240235206128,0.15017833677492,0.129483518079287,0.157830128017771,0.169424521375727,0.134927393578783,0.11690589075794,0.119329199428925
"21","Cessnock","LGA11720",141,205,225,205,221,203,323,308,270,246,269,258,287,301,386,353,386,358,355,46775,46784,47188,47521,47809,48050,48323,48744,49083,50032,50696,51506,52493,53348,54339,55165,55965,56762,57527,0.301443078567611,0.438183994528044,0.476816139696533,0.431388228362198,0.462256060574369,0.422476586888658,0.668418765391222,0.63187264073527,0.550088625389646,0.491685321394308,0.5306138551365,0.500912515046791,0.54673956527537,0.564219839544125,0.710355361710742,0.639898486359105,0.689716787277763,0.630703639758994,0.617101534931424
"22","Clarence Valley","LGA11730",156,176,174,197,219,207,198,183,154,167,125,157,169,188,217,193,215,222,227,47554,47843,48617,48847,49013,49241,49613,50102,50295,50467,50880,51137,51252,51319,51358,51380,51383,51367,51298,0.328048113723346,0.367869907823506,0.357899500174836,0.403300100313223,0.446820231367188,0.420381389492496,0.399088948461089,0.365254880044709,0.306193458594294,0.330909307071948,0.245676100628931,0.307018401548781,0.329743229532506,0.366336054872464,0.422524241598193,0.375632541845076,0.418426327773777,0.432184087059785,0.44251237865024
"23","Cobar","LGA11750",38,18,32,43,36,36,29,39,39,39,24,31,40,32,37,40,49,42,33,5404,5256,5182,5152,5072,5012,5009,5023,5133,5053,5030,4995,4931,4857,4833,4817,4789,4764,4713,0.703182827535159,0.342465753424658,0.617522192203782,0.834627329192547,0.709779179810726,0.718276137270551,0.578957875823518,0.776428429225562,0.75978959672706,0.771818721551554,0.47713717693837,0.620620620620621,0.81119448387751,0.658842907144328,0.765570039313056,0.830392360390284,1.02317811651702,0.881612090680101,0.700190961171229
"24","Coffs Harbour","LGA11800",296,324,312,277,311,347,305,272,273,314,323,334,333,429,441,501,448,511,471,61242,62311,63062,64190,65392,66484,67276,68315,68528,69446,69952,70553,70933,71584,72317,73047,73773,74641,75484,0.483328434734333,0.519972396527098,0.494751197234468,0.431531391182427,0.475593344751652,0.521930088442332,0.453356323205898,0.398155602722682,0.398377305626897,0.452149871842871,0.461745196706313,0.473402973651014,0.469457093313408,0.599295932051855,0.609815119543123,0.685859788903035,0.607268241768669,0.684610334802588,0.623973292353346
"25","Coolamon","LGA12000",2,11,15,9,19,5,16,15,8,17,11,8,9,13,8,8,11,12,15,4035,4066,4122,4117,4101,4105,4124,4184,4167,4191,4210,4222,4213,4282,4334,4368,4380,4403,4400,0.0495662949194548,0.270536153467782,0.363901018922853,0.218605780908428,0.463301633747866,0.121802679658952,0.387972841901067,0.358508604206501,0.191984641228702,0.405631114292532,0.261282660332542,0.189483657034581,0.21362449560883,0.303596450256889,0.184586986617443,0.183150183150183,0.251141552511416,0.272541449012037,0.340909090909091
"26","Coonamble","LGA12150",52,47,71,71,59,69,71,83,48,32,40,43,56,55,57,67,54,48,53,4927,4901,4836,4733,4629,4532,4462,4392,4331,4308,4292,4292,4274,4203,4181,4156,4119,4082,4056,1.05540897097625,0.958987961640482,1.46815550041356,1.50010564124234,1.27457334197451,1.522506619594,1.59121470192739,1.88979963570127,1.1082890787347,0.74280408542247,0.931966449207828,1.00186393289842,1.3102480112307,1.30858910302165,1.36331021286774,1.6121270452358,1.31099781500364,1.17589416952474,1.30670611439842
"27","Cowra","LGA12350",45,66,89,106,89,100,56,46,59,70,88,91,68,73,75,71,79,72,62,12832,12983,13094,13041,12991,12964,12970,13011,12853,12718,12690,12603,12526,12536,12520,12574,12624,12673,12697,0.35068578553616,0.508357082338443,0.679700626241026,0.812821102676175,0.685089677469017,0.771366862079605,0.431765612952968,0.353546998693413,0.459036800746907,0.550401006447555,0.693459416863672,0.722050305482822,0.542870828676353,0.582322910019145,0.599041533546326,0.564657229203118,0.625792141951838,0.568136984139509,0.488304323856029
"28","Dungog","LGA12700",10,13,29,31,22,17,28,34,37,16,22,12,12,29,31,22,33,24,25,8107,8302,8405,8409,8421,8366,8433,8461,8361,8397,8489,8485,8547,8663,8799,8932,9025,9114,9198,0.123350191192796,0.156588773789448,0.345032718619869,0.368652634082531,0.261251632822705,0.203203442505379,0.332028933949958,0.401843753693417,0.442530797751465,0.190544241991187,0.259158911532572,0.141426045963465,0.14040014040014,0.334757012582246,0.352312762813956,0.246305418719212,0.365650969529086,0.263331138907176,0.271798217003696
"29","Eurobodalla","LGA12750",96,101,118,147,167,143,158,127,134,144,152,137,153,179,171,134,199,142,157,32346,33191,33946,34592,35267,35846,36260,36613,36635,36763,36733,36847,36993,37163,37303,37537,37805,37968,38117,0.29679094787609,0.304299358259769,0.347610911447593,0.42495374653099,0.47353049593104,0.398928750767171,0.435741864313293,0.346871329855516,0.365770438105637,0.39169817479531,0.413796858410693,0.371807745542378,0.413591760603357,0.481661867986976,0.458408170924591,0.356981111969523,0.526385398756778,0.373999157184998,0.411889708004303
"30","Fairfield","LGA12850",494,538,622,838,717,759,765,661,723,678,697,740,724,740,811,783,809,735,727,187881,188337,189034,188711,188329,187515,187911,188074,188563,190979,193600,195298,196622,198350,200499,202408,204277,206436,209107,0.262932388054141,0.285658155327949,0.329041336479152,0.4440652638161,0.380716724455607,0.404767618590513,0.407107620096748,0.351457405063964,0.383426228899625,0.355012854816498,0.360020661157025,0.378908130139582,0.368219222670912,0.373077892614066,0.404490795465314,0.386842417295759,0.396030879638922,0.356042550717898,0.3476688967849
"31","Forbes","LGA12900",42,42,49,40,49,39,52,57,97,65,76,84,77,76,64,81,84,81,57,10181,10159,10143,10145,10091,9958,9979,10003,9728,9612,9574,9477,9471,9530,9608,9698,9750,9808,9844,0.412533149985267,0.413426518358106,0.483091787439614,0.3942828979793,0.485581210980081,0.391644908616188,0.521094298025854,0.569829051284615,0.997121710526316,0.676238035788598,0.793816586588678,0.886356441911997,0.813008130081301,0.797481636935992,0.666111573688593,0.835223757475768,0.861538461538461,0.825856443719413,0.579032913449817
"32","Gilgandra","LGA12950",35,30,26,38,46,55,37,39,33,25,25,32,30,26,28,42,33,33,40,4878,4833,4799,4773,4736,4675,4656,4699,4609,4538,4572,4574,4534,4468,4434,4392,4354,4309,4256,0.717507175071751,0.620732464307883,0.541779537403626,0.796144982191494,0.971283783783784,1.17647058823529,0.7946735395189,0.829963822089806,0.715990453460621,0.550903481710004,0.546806649168854,0.69960647135986,0.661667401852669,0.581915846016115,0.63148398737032,0.956284153005465,0.757923748277446,0.765838941749826,0.93984962406015
"33","Glen Innes Severn","LGA13010",27,34,21,37,56,80,73,49,42,40,28,37,30,31,24,73,76,106,71,8975,8910,8889,8853,8811,8756,8739,8783,9059,9048,9044,9021,8965,8910,8915,8930,8939,8942,8924,0.3008356545961,0.381593714927048,0.236247046911914,0.417937422342709,0.635569174895018,0.913659205116491,0.835335850783843,0.557895935329614,0.463627331935092,0.442086648983201,0.309597523219814,0.410154084912981,0.334634690462911,0.347923681257015,0.269209197980931,0.817469204927212,0.850206958272737,1.18541713263252,0.795607350963693
"34","Goulburn Mulwaree","LGA13310",89,106,142,150,109,144,103,102,141,135,142,131,139,98,101,125,125,105,127,26158,26461,26641,26799,26900,26974,27111,27308,27157,27509,27878,28128,28285,28718,29153,29438,29749,30150,30438,0.340240079516783,0.400589546880314,0.533013025036598,0.55972237770066,0.405204460966543,0.533847408615704,0.379919589834385,0.373516918119232,0.519203152041831,0.490748482314879,0.509362221106249,0.465728100113766,0.491426551175535,0.341249390626088,0.346448049943402,0.424621237855833,0.420182190998017,0.348258706467662,0.417241605887378
"35","Greater Hume Shire","LGA13340",22,23,8,27,15,14,19,21,30,25,16,17,22,10,18,21,15,18,18,10690,10568,10492,10470,10433,10479,10502,10585,10127,10108,10097,10087,10039,10162,10219,10319,10440,10509,10585,0.205799812909261,0.217638152914459,0.0762485703393061,0.257879656160458,0.143774561487587,0.133600534402138,0.180917920396115,0.198393953708077,0.296237780191567,0.247328848436882,0.158462909775181,0.168533756320016,0.219145333200518,0.098405825624877,0.176142479694686,0.203508091869367,0.14367816091954,0.171281758492721,0.170051960321209
"36","Griffith","LGA13450",86,110,187,136,197,155,121,142,152,129,151,145,190,192,200,195,256,242,211,23400,24036,24604,24709,24758,24870,25133,25441,24907,25107,25259,25265,25292,25638,25739,25998,26245,26422,26648,0.367521367521368,0.457646863038775,0.760039018045846,0.55040673438828,0.795702399224493,0.62324085243265,0.481438745871961,0.558154160606894,0.610270205163207,0.513800932010993,0.597806722356388,0.573916485256283,0.751225684010754,0.748888368827522,0.777030964683943,0.750057696745904,0.975423890264812,0.915903413821815,0.791804262984089
"37","Gunnedah","LGA13550",35,24,29,50,71,55,70,64,61,78,77,71,89,91,95,66,58,77,62,12532,12444,12405,12328,12209,12108,12065,12129,12086,12101,12250,12373,12515,12531,12510,12511,12504,12551,12628,0.279285030322375,0.192864030858245,0.233776702942362,0.405580791693705,0.581538209517569,0.454245127188636,0.580190634065479,0.52766097782175,0.504716200562634,0.644574828526568,0.628571428571429,0.573830113957811,0.711146624051139,0.726199026414492,0.759392486011191,0.527535768523699,0.463851567498401,0.613496932515337,0.490972442191954
"38","Gwydir","LGA13660",8,11,12,8,14,7,10,9,13,12,6,12,14,16,15,15,11,15,19,5772,5768,5760,5700,5634,5563,5526,5536,5285,5168,5147,5141,5074,5174,5220,5253,5306,5326,5316,0.138600138600139,0.190707350901526,0.208333333333333,0.140350877192982,0.248491302804402,0.125831385942837,0.180962721679334,0.16257225433526,0.245979186376537,0.232198142414861,0.116572760831552,0.233417623030539,0.275916436736303,0.309238500193274,0.28735632183908,0.285551113649343,0.207312476441764,0.281637251220428,0.357411587659895
"39","Hawkesbury","LGA13800",160,134,185,202,244,236,263,226,238,193,256,240,235,238,295,324,276,258,249,61502,62248,62814,63294,63655,63499,63440,63732,62458,63041,63499,63857,64234,64651,65082,65420,65773,66136,66402,0.260154141328737,0.215267960416399,0.294520329862769,0.319145574620027,0.383316314507894,0.371659396210964,0.414564943253468,0.354609929078014,0.381056069678824,0.306149965895211,0.403155955211893,0.375839766979344,0.365849861444095,0.368130423349987,0.453274330844166,0.495261387954754,0.419625074118559,0.390105237692029,0.374988705159483
"40","Hay","LGA13850",17,19,19,18,18,16,10,18,22,12,23,8,21,24,15,16,11,24,17,3682,3609,3599,3602,3577,3543,3531,3520,3421,3317,3236,3169,3097,3028,3013,3002,2989,2975,2969,0.461705594785443,0.526461623718482,0.527924423450959,0.499722376457524,0.503214984623987,0.451594693762348,0.283205890682526,0.511363636363636,0.643086816720257,0.361772686162195,0.710754017305315,0.25244556642474,0.678075556990636,0.792602377807133,0.497842681712579,0.532978014656895,0.368016058882569,0.80672268907563,0.572583361401145
"41","Hornsby","LGA14000",111,152,185,164,176,218,207,217,203,217,178,212,223,202,203,188,199,152,158,130659,131560,132468,133382,134302,135229,136162,136162,137694,139436,141117,142549,143273,143862,144620,145524,146485,147661,149242,0.0849539641356508,0.115536637275768,0.139656369840263,0.122955121380696,0.131047936739587,0.1612080249059,0.152024793995388,0.159368986942025,0.147428355629149,0.155626954301615,0.126136468320613,0.148720790745638,0.155646911839635,0.140412339603231,0.140367860600194,0.129188312580743,0.135850087039629,0.102938487481461,0.10586832125005
"42","Hunters Hill","LGA14100",10,14,13,21,10,12,9,8,18,19,16,20,16,14,14,25,14,15,22,13164,13311,13382,13543,13682,13889,13917,13912,13811,13765,13865,13884,13880,14073,14240,14425,14538,14638,14716,0.0759647523549073,0.105176170084892,0.0971454192198476,0.155061655467769,0.0730887297178775,0.0863993088055296,0.0646691097219228,0.0575043128234618,0.130330895662877,0.138031238648747,0.115398485394879,0.144050705848459,0.115273775216138,0.0994812762026576,0.098314606741573,0.173310225303293,0.0962993534186271,0.102473015439268,0.149497145963577
"43","Inverell","LGA14200",82,111,91,92,99,115,106,110,112,110,97,129,100,161,137,151,113,101,86,15491,15596,15754,15812,15768,15705,15798,15949,16212,16305,16486,16539,16614,16612,16619,16667,16717,16778,16780,0.529339616551546,0.711720954090793,0.577631077821506,0.5818365798128,0.627853881278539,0.732250875517351,0.67097100898848,0.689698413693648,0.690846286701209,0.674639681079424,0.588378017711998,0.779974605477961,0.601902010352715,0.969178906814351,0.82435766291594,0.905981880362393,0.675958605012861,0.60197878173799,0.512514898688915
"44","Junee","LGA14300",33,20,23,33,17,22,21,25,21,21,25,20,14,21,13,20,42,41,10,5907,5931,5905,5914,5887,5883,5917,6009,6002,6021,6103,6092,6091,6147,6234,6316,6379,6462,6555,0.558659217877095,0.337211262856179,0.389500423370025,0.557997970916469,0.288771870222524,0.373958864524902,0.354909582558729,0.416042602762523,0.349883372209264,0.348779272546089,0.409634605931509,0.328299409061064,0.229847315711706,0.341630063445583,0.208533846647417,0.316656111462951,0.65841040915504,0.634478489631693,0.15255530129672
"45","Kempsey","LGA14350",204,201,228,269,245,197,212,205,208,284,214,207,184,214,222,210,243,229,219,27025,27090,27374,27594,27831,28070,28605,28763,28652,28834,29072,29076,29188,29239,29303,29384,29420,29454,29536,0.754856614246068,0.741971207087486,0.832907138160298,0.974849604986591,0.880313319679494,0.70181688635554,0.741129173221465,0.712721204325001,0.725952813067151,0.984948324894222,0.736103467253715,0.711927362773421,0.630396053172537,0.731899175758405,0.757601610756578,0.714674652872311,0.825968728755948,0.777483533645685,0.74146803900325
"46","Kiama","LGA14400",24,21,28,37,43,36,36,30,29,28,33,22,33,32,40,31,39,24,34,19205,19706,19959,20120,20240,20170,20248,20382,20124,20217,20433,20620,20832,20998,21243,21587,21855,22044,22378,0.124967456391565,0.106566527961027,0.140287589558595,0.18389662027833,0.212450592885375,0.178482895389192,0.177795337811142,0.147188695908154,0.144106539455377,0.138497304248899,0.161503450300984,0.106692531522793,0.158410138248848,0.15239546623488,0.188297321470602,0.14360494742206,0.178448867536033,0.108873162765378,0.151934936097953
"47","Ku-ring-gai","LGA14500",31,46,52,70,49,70,69,75,73,72,62,71,61,80,92,100,73,76,71,106099,106626,107655,108212,108684,108702,108264,108395,105944,108054,110441,112671,114704,116498,118487,120314,121947,123143,124898,0.0292179945145572,0.0431414476769268,0.0483024476336445,0.0646878349905741,0.0450848330941077,0.0643962392596272,0.0637330968743073,0.0691913833663914,0.068904326814166,0.0666333499916708,0.05613857172608,0.0630153278128356,0.0531803598828288,0.0686707067932497,0.0776456488897516,0.0831158468673637,0.0598620712276645,0.0617168657576963,0.0568463866515076
"48","Kyogle","LGA14550",29,40,32,34,33,33,32,36,38,63,55,39,35,34,32,33,36,45,46,9894,9828,9817,9770,9666,9613,9622,9642,9631,9591,9597,9572,9537,9411,9332,9269,9170,9072,8927,0.293106933495048,0.407000407000407,0.325965162473261,0.348004094165814,0.341402855369336,0.343285134713409,0.332571191020578,0.373366521468575,0.394559235801059,0.656865811698467,0.573095759091383,0.407438361888842,0.366991716472685,0.361279353947508,0.342906129447064,0.356025461214802,0.392584514721919,0.496031746031746,0.515290691161644
"49","Lachlan","LGA14600",68,76,71,63,80,58,70,58,63,44,54,51,50,56,59,59,54,55,58,7183,7132,7080,7029,6979,6928,6879,6829,6753,6753,6751,6723,6758,6653,6586,6533,6452,6352,6213,0.946679660309063,1.06561974200785,1.00282485875706,0.89628681177977,1.14629603094999,0.837182448036952,1.01758976595435,0.849319080392444,0.932918702798756,0.651562268621353,0.79988149903718,0.758589915216421,0.739863865048831,0.841725537351571,0.895839659884604,0.903107301392928,0.836949783013019,0.865869017632242,0.933526476742314
"50","Lake Macquarie","LGA14650",315,456,616,629,763,685,890,779,729,696,745,645,630,711,795,712,750,741,801,183149,185385,187803,188540,189017,189048,189287,189596,192161,193545,194869,195283,195909,197866,199224,200690,201811,202847,203823,0.171991111062577,0.245974593413707,0.3280032800328,0.333616208762066,0.403667394996217,0.362341839109644,0.470185485532551,0.410873647123357,0.379369382965326,0.359606293110129,0.382308114682171,0.33028988698453,0.32157787544217,0.359334094791424,0.399048307432839,0.35477602272161,0.371634846465257,0.365299955138602,0.392988033735153
"51","Lane Cove","LGA14700",23,37,22,52,31,30,31,28,25,23,27,22,47,33,23,33,29,45,33,31614,31760,32086,32111,32248,32291,32286,32375,31808,31864,32262,32758,33197,33762,34315,35286,36524,37810,38782,0.0727525779717847,0.116498740554156,0.0685657296016954,0.161938276603033,0.096129992557678,0.0929051438481311,0.0960168494084123,0.0864864864864865,0.0785965794768612,0.0721817725332664,0.0836897898456388,0.0671591672263264,0.141579058348646,0.0977430247023281,0.067026081888387,0.0935215099472879,0.0793998466761581,0.119016133298069,0.0850910216079624
"52","Leeton","LGA14750",43,77,117,125,75,58,61,52,54,42,50,54,78,53,47,70,68,57,63,11436,11680,11925,11978,12009,12019,12017,12088,11663,11570,11582,11489,11406,11437,11420,11422,11428,11418,11420,0.376005596362364,0.659246575342466,0.981132075471698,1.04357989647687,0.624531601299026,0.482569265329894,0.50761421319797,0.43017868960953,0.463002657978222,0.363007778738116,0.431704368848213,0.47001479676212,0.683850604944766,0.463408236425636,0.411558669001751,0.612852390124321,0.595029751487574,0.499211770888071,0.551663747810858
"53","Lismore","LGA14850",168,258,254,262,254,247,226,289,270,272,249,207,207,223,189,214,208,175,175,43209,43086,43064,43030,43015,43162,43530,44032,44305,44283,44284,44267,44282,44392,44396,44316,44193,44054,43816,0.388807887245713,0.598802395209581,0.589819803083782,0.60887752730653,0.590491688945717,0.572262638431954,0.519182173213875,0.656340843023256,0.609412030244893,0.614231194815166,0.562279830186975,0.467616960715657,0.467458561040603,0.502342764462065,0.425714028290837,0.482895568192075,0.470662774647569,0.397239751214419,0.399397480372467
"54","Lithgow","LGA14870",61,62,75,97,100,105,113,107,110,112,100,86,106,108,98,98,94,85,99,20341,20384,20618,20665,20749,20835,20865,20981,20550,20551,20732,20753,20790,21016,21141,21322,21449,21524,21596,0.299886927879652,0.304160125588697,0.363759821515181,0.46939269295911,0.481950937394573,0.503959683225342,0.541576803259046,0.509985224727134,0.535279805352798,0.544985645467374,0.482346131584025,0.414397918373247,0.50986050986051,0.513894175866007,0.463554231114895,0.459619172685489,0.438248869411161,0.394908009663631,0.458418225597333
"55","Liverpool","LGA14900",467,484,553,775,742,697,652,656,684,612,717,798,836,880,975,1023,934,983,860,144973,152146,159046,163310,165533,167618,169573,172050,173483,177432,181573,184671,188083,191921,196287,201010,206568,212232,217736,0.322128948148966,0.318115494327817,0.347698150220691,0.474557589859776,0.448248989627446,0.415826462551755,0.384495173170257,0.381284510316768,0.394274943366209,0.344920871094278,0.394882499049969,0.432119823903049,0.444484615834499,0.458521996029616,0.496721637194516,0.508929903984876,0.45215134967662,0.463172377398319,0.39497372965426
"56","Liverpool Plains","LGA14920",16,17,13,29,33,20,34,43,47,26,42,35,39,32,29,35,40,67,35,7951,7955,8041,8015,7945,7897,7861,7877,7837,7823,7797,7768,7769,7794,7826,7852,7865,7874,7887,0.20123254936486,0.21370207416719,0.161671433901256,0.361821584529008,0.415355569540592,0.253260731923515,0.432514947207734,0.545893106512632,0.599719280336864,0.332353317141761,0.538668718737976,0.450566426364573,0.501995108765607,0.410572235052605,0.370559672885254,0.445746306673459,0.508582326764145,0.850901701803404,0.443768226195004
"57","Maitland","LGA15050",174,220,261,277,315,292,310,300,299,301,265,285,292,328,373,351,466,495,439,54051,55379,56492,57728,58900,59855,61166,62596,66004,66973,67735,68499,69646,72093,74006,75910,77657,79340,81235,0.321918188377643,0.397262500225717,0.462012320328542,0.479836474501109,0.534804753820034,0.487845626931752,0.506817512997417,0.479263850725286,0.453002848312223,0.449434846878593,0.391230530744814,0.416064468094425,0.419263130689487,0.454967888699319,0.504013188119882,0.462389671979976,0.600074687407446,0.623897151499874,0.540407459838739
"58","Mid-Western Regional","LGA15270",56,67,75,93,118,91,112,75,125,125,98,119,109,125,91,125,125,124,107,21854,22037,22130,22211,22159,22087,22126,22260,22208,22446,22647,22813,23000,23355,23759,24090,24412,24569,24826,0.25624599615631,0.3040341244271,0.338906461816539,0.418711449281887,0.532515005189765,0.412007062978222,0.506191810539637,0.336927223719677,0.56286023054755,0.556892096587365,0.432728396697134,0.521632402577478,0.473913043478261,0.535217298223079,0.383012753061998,0.518887505188875,0.512043257414386,0.50470104603362,0.430999758317893
"59","Moree Plains","LGA15300",127,147,179,189,192,208,204,201,232,240,231,182,192,244,221,268,243,254,219,15006,14919,14832,14746,14661,14576,14491,14407,14155,14070,14019,14032,14043,13978,13915,13841,13717,13590,13408,0.846328135412502,0.985320731952544,1.20685005393743,1.28170351281704,1.30959688970739,1.42700329308452,1.40777034021117,1.3951551329215,1.63899682091134,1.70575692963753,1.64776374919752,1.29703534777651,1.36722922452467,1.74560022893118,1.58821415738412,1.93627628061556,1.77152438579864,1.86902133922001,1.63335322195704
"60","Mosman","LGA15350",19,31,26,34,26,32,25,27,36,26,33,35,36,26,27,54,50,33,51,27678,27621,27851,27973,28155,28366,28271,28414,28030,28501,28827,29227,29475,29483,29633,29839,30033,30215,30465,0.068646578510008,0.112233445566779,0.0933539190693332,0.121545776284274,0.0923459421061978,0.112811111894522,0.0884298397651303,0.0950235799253889,0.128433820906172,0.0912248693028315,0.114476012072016,0.119752283847128,0.122137404580153,0.0881864125089034,0.091114635710188,0.18097121217199,0.16648353477841,0.109217276187324,0.16740521910389
"61","Muswellbrook","LGA15650",37,60,60,78,81,80,105,76,68,76,81,80,75,78,103,129,92,93,93,15250,15125,15221,15338,15280,15165,15137,15236,15939,15944,16014,16166,16322,16406,16423,16445,16453,16468,16427,0.242622950819672,0.396694214876033,0.394192234412982,0.508540878862955,0.530104712041885,0.527530497856907,0.693664530620334,0.498818587555789,0.426626513583035,0.476668339187155,0.505807418508805,0.494865767660522,0.459502511947065,0.475435816164818,0.627169213907325,0.784432958346002,0.559168540691667,0.564731600680107,0.566141109149571
"62","Nambucca","LGA15700",81,73,78,80,84,68,83,75,107,92,116,100,87,95,92,106,107,100,105,18092,18034,18171,18216,18128,18496,18710,18886,18749,18949,19089,19229,19286,19306,19412,19478,19509,19521,19625,0.447711695777139,0.404790950426971,0.429255406967145,0.439174352217831,0.463371579876434,0.367647058823529,0.443613041154463,0.397119559462035,0.570697103845539,0.485513747427305,0.607679815600608,0.520047844401685,0.451104428082547,0.492075002589868,0.4739336492891,0.544203717014067,0.54846481111282,0.512268838686543,0.535031847133758
"63","Narrabri","LGA15750",92,113,76,75,104,82,75,105,97,76,72,70,43,61,66,56,89,98,76,14392,14443,14537,14463,14373,14217,14153,14181,13534,13446,13502,13479,13475,13460,13539,13558,13562,13481,13387,0.639244024458032,0.782385930900782,0.522803879755108,0.518564613150799,0.723578932721074,0.576774284307519,0.529922984526249,0.740427332346097,0.716713462391015,0.565223858396549,0.533254332691453,0.51932635952222,0.319109461966605,0.453194650817236,0.487480611566585,0.413040271426464,0.656245391535172,0.726949039388769,0.567714947336969
"64","Narrandera","LGA15800",30,41,78,57,48,44,42,38,26,42,45,35,35,34,34,34,25,27,35,6883,6824,6739,6706,6634,6584,6577,6588,6175,6133,6151,6132,6123,6093,6067,6035,6005,5976,5951,0.435856457939852,0.600820633059789,1.15744175693723,0.849985087980913,0.723545372324389,0.668286755771567,0.638589022350616,0.576806314511233,0.421052631578947,0.68481982716452,0.731588359616323,0.570776255707762,0.57161522129675,0.558017397012966,0.56040876874897,0.563380281690141,0.41631973355537,0.451807228915663,0.588136447655856
"65","Narromine","LGA15850",46,43,42,55,72,65,34,33,38,41,34,44,57,40,46,52,71,46,56,6934,6983,7117,7094,7036,7009,7027,7059,6803,6853,6871,6907,6929,6794,6756,6715,6659,6599,6554,0.663397750216325,0.615781182872691,0.590136293382043,0.775303073019453,1.02330869812393,0.927379084034812,0.483848014800057,0.46748831279218,0.558577098338968,0.598278126368014,0.49483335758987,0.63703489213841,0.822629528070429,0.588754783632617,0.680876258140912,0.774385703648548,1.0662261600841,0.697075314441582,0.854440036618859
"66","Newcastle","LGA15900",395,586,720,738,753,698,752,727,752,650,624,573,632,732,682,730,692,720,664,139366,140710,142101,143103,144273,145352,146536,147545,150484,152201,152934,153542,154896,156550,157615,158914,159981,160919,162480,0.283426373720994,0.416459384549783,0.50668186712268,0.515712458858305,0.521927179721777,0.48021355055314,0.513184473439974,0.492731031210817,0.499720900560857,0.427066839245471,0.408019145513751,0.373187792265309,0.408015700857349,0.467582242095177,0.432699933381975,0.459367960028695,0.43255136547465,0.447430073515247,0.408665681930084
"67","North Sydney","LGA15950",52,68,66,91,92,101,86,93,102,101,85,103,113,115,132,130,116,132,134,57948,58262,58713,59226,59999,60694,61212,61802,62753,63621,64885,66049,67033,67701,68782,69937,71100,72037,73077,0.0897356250431421,0.116714153307473,0.112411220683665,0.153648735352717,0.153335888931482,0.166408541206709,0.14049532771352,0.150480566971943,0.162542029863114,0.158752613130884,0.131001001772366,0.155944828839195,0.168573687586711,0.16986455148373,0.191910674304324,0.185881579135508,0.163150492264416,0.183239168760498,0.183368228033444
"68","Oberon","LGA16100",13,9,13,23,21,15,15,8,11,2,15,13,19,9,11,19,33,15,19,5082,5124,5287,5360,5368,5378,5443,5503,5238,5209,5228,5223,5207,5248,5323,5351,5373,5399,5430,0.255804801259347,0.175644028103044,0.245886135804804,0.42910447761194,0.391207153502236,0.278914094458907,0.275583318023149,0.145375249863711,0.210003818251241,0.0383950854290651,0.286916602907422,0.248899100134023,0.364893412713655,0.171493902439024,0.206650385121172,0.355073817977948,0.614182021217197,0.277829227634747,0.349907918968692
"69","Orange","LGA16150",126,138,151,189,235,200,151,168,170,172,222,218,266,259,295,306,306,254,268,36151,36509,36999,37257,37500,37517,37687,37982,37408,37918,38301,38794,39480,39818,40251,40751,41010,41384,41636,0.348538076401759,0.377988989016407,0.408119138355091,0.507287221193333,0.626666666666667,0.533091665111816,0.400668665587603,0.442314780685588,0.454448246364414,0.453610422490638,0.579619331087961,0.561942568438418,0.673758865248227,0.650459591139686,0.732901045936747,0.750901818360286,0.746159473299195,0.61376377343901,0.643673743875492
"70","Parkes","LGA16200",68,78,62,90,78,68,59,98,101,97,96,91,120,107,90,100,115,118,83,15126,15030,15047,15086,15061,15011,15022,15099,14880,14949,14927,15017,15084,15057,15036,15013,14984,14946,14920,0.449557054079069,0.518962075848303,0.41204226756164,0.596579610234655,0.517893898147533,0.453001132502831,0.392757289309013,0.649049605934168,0.678763440860215,0.648872834303298,0.643129898841026,0.605979889458614,0.795544948289578,0.71063292820615,0.598563447725459,0.66608938919603,0.767485317672184,0.789508898701994,0.556300268096515
"71","Penrith","LGA16350",649,667,762,667,752,811,787,786,912,902,863,943,1010,879,1002,1069,1057,1054,1115,173327,175448,177413,178193,178107,177212,177363,177544,177924,179950,181820,182937,184681,187314,190511,193778,197678,201400,204785,0.374436758266167,0.380169622908212,0.429506293225412,0.374313244628016,0.422218104847086,0.457643951876848,0.443722760665979,0.442707159915289,0.512578404262494,0.5012503473187,0.474645253547465,0.515478006089528,0.546888959882175,0.469265511387296,0.525953881928078,0.551662211396546,0.534707959408735,0.523336643495531,0.544473472178138
"72","Port Macquarie-Hastings","LGA16380",156,163,159,215,237,191,239,229,222,291,300,328,274,318,322,292,268,254,246,61914,63966,65378,67024,68423,69628,70499,71084,72084,73323,73789,74426,74949,76266,77003,78000,78925,79905,81202,0.251962399457312,0.254822874652159,0.243201076814831,0.320780615898783,0.346374757026146,0.274314930774976,0.339011900878027,0.32215407123966,0.307974030297986,0.396874104987521,0.406564664109827,0.440706204820896,0.365581929045084,0.416961686728031,0.418165526018467,0.374358974358974,0.339562876148242,0.317877479506914,0.302948203246225
"73","Port Stephens","LGA16400",159,185,201,239,284,253,277,274,314,261,256,232,195,295,285,323,323,353,313,56389,57790,58965,60098,61336,62351,63285,63650,64287,65070,65845,66575,67058,68038,68776,69587,70316,71118,71716,0.281969887744064,0.320124589029244,0.340880183159501,0.397683783154182,0.463023346811008,0.405767349360876,0.437702457138342,0.430479183032207,0.488434675750929,0.401106500691563,0.388791859670438,0.34847915884341,0.290793044826866,0.433581234016285,0.41438874025823,0.464167157658758,0.459354912111042,0.496358165302736,0.436443750348597
"74","Randwick","LGA16550",255,230,264,335,319,303,300,334,410,420,327,314,341,378,334,347,367,371,354,124703,124672,125223,125625,125905,126188,126936,127948,128723,131249,133877,135923,137757,139949,142618,145112,147303,149276,151993,0.204485858399557,0.1844840862423,0.210823890179919,0.266666666666667,0.253365632818395,0.24011791929502,0.236339572698053,0.261043548941758,0.318513396984222,0.320002438113814,0.24425405409443,0.231013147149489,0.247537330226413,0.270098392986016,0.234192037470726,0.239125640884282,0.249146317454499,0.248532918888502,0.232905462751574
"75","Richmond Valley","LGA16610",112,104,124,155,129,151,142,181,185,161,171,111,143,158,135,121,125,131,149,21172,21118,21183,21190,21056,20876,20864,21267,22388,22567,22601,22647,22697,22839,22951,23047,23094,23164,23195,0.529000566786322,0.492470877924046,0.585375064910541,0.73147711184521,0.612651975683891,0.723318643418279,0.680598159509202,0.851083838811304,0.826335536894765,0.713431116231666,0.756603690102208,0.490131143197775,0.630039212230691,0.691799115547966,0.588209664066925,0.525014101618432,0.541266129730666,0.565532723191159,0.642379823237767
"76","Rockdale","LGA16650",169,204,264,246,219,222,261,225,271,267,309,280,251,250,283,334,339,521,516,90834,91650,92676,92901,94089,94888,95617,96409,97999,100329,102038,102928,102843,105876,108235,110616,113173,115822,118485,0.186053680339961,0.222585924713584,0.284863395053736,0.264798010785675,0.232758345821509,0.233960037096366,0.27296401267557,0.233380700971901,0.276533434014633,0.266124450557665,0.302828358062683,0.272034820457018,0.244061336211507,0.236125278627829,0.261468101815494,0.301945469009908,0.299541410053635,0.449828184628136,0.435498164324598
"77","Ryde","LGA16700",119,153,139,184,171,201,156,138,191,148,180,127,128,150,168,154,166,206,205,97626,98177,99151,99306,99436,99506,99747,100351,102746,104502,105499,106947,108371,111304,113803,116244,119024,121807,124798,0.121893757810419,0.155840981085183,0.140190214924711,0.185285884035204,0.171969910294059,0.201997869475208,0.156395681073115,0.137517314227063,0.185895314659451,0.141624083749593,0.170617730973753,0.118750409081134,0.118112779249061,0.134766046143894,0.147623524863141,0.132479955954716,0.139467670385805,0.169120001313553,0.164265452972003
"78","Shellharbour","LGA16900",146,207,243,308,261,271,291,266,243,258,182,219,236,234,235,265,274,234,237,57310,58649,59862,60639,61527,62241,62957,63642,63834,64714,65281,65712,66054,66890,67771,68777,69625,70511,71100,0.254754842086896,0.352947194325564,0.405933647388995,0.507923943336796,0.424204007996489,0.435404315483363,0.462220245564433,0.417962980421734,0.38067487545822,0.398677256853231,0.27879474885495,0.33327246165084,0.357283434765495,0.349828075945582,0.346755987074117,0.38530322636928,0.393536804308797,0.33186311355675,0.333333333333333
"79","Shoalhaven","LGA16950",393,448,455,523,548,534,540,485,495,560,535,517,493,454,419,408,388,393,339,83867,85761,87650,89317,90615,91622,93097,94181,92858,93555,94620,95314,96043,97170,98063,99259,100497,101777,102811,0.468599091418556,0.522381968493838,0.519110096976611,0.585554821590515,0.604756386911659,0.582829451441793,0.580040173152733,0.514965863603062,0.533072002412285,0.598578376356154,0.565419573028958,0.5424176930986,0.513311745780536,0.467222393742925,0.427276342759247,0.411045849746622,0.386081176552534,0.386138322017745,0.329731254437755
"80","Singleton","LGA17000",43,86,51,53,68,72,62,62,60,72,63,58,67,79,81,66,88,84,110,20916,20883,21230,21460,21713,21879,22237,22538,22969,23123,23240,23370,23456,23560,23573,23623,23620,23595,23496,0.20558424172882,0.411818225350764,0.240226095148375,0.246971109040075,0.31317643807857,0.329082682023858,0.278814588298781,0.27509095749401,0.261221646567112,0.311378281364875,0.271084337349398,0.248181429182713,0.285641200545703,0.335314091680815,0.343613456072625,0.27938873132117,0.372565622353937,0.356007628734901,0.468164794007491
"81","Strathfield","LGA17100",70,41,43,41,65,53,46,48,57,99,81,107,115,104,121,113,102,108,132,28682,28923,29433,29452,30199,31080,31804,32529,34317,35320,36504,36907,37141,37967,38899,40275,41239,42331,43585,0.244055505194896,0.141755696158766,0.146094519756736,0.139209561320114,0.215238915195867,0.170527670527671,0.144635894855993,0.14756063819976,0.1660984351779,0.280294450736127,0.22189349112426,0.289917901753055,0.309630866158693,0.273922090236258,0.31106198102779,0.280571073867163,0.247338684255195,0.255132172639437,0.302856487323621
"82","Sutherland Shire","LGA17150",341,328,398,426,359,356,321,416,499,463,463,501,489,447,374,442,453,487,479,210256,212066,213828,214826,214933,214482,214164,214030,213812,216276,218601,219560,219751,221217,222456,223817,225063,226041,227073,0.162183243284377,0.15466882951534,0.186130908954861,0.198300019550706,0.167028795019843,0.165981294467601,0.149885134756542,0.194365275895902,0.233382597796195,0.214078307348018,0.211801409874612,0.228183640007287,0.222524584643528,0.202064036669876,0.168123134462545,0.197482764937427,0.201276975780115,0.215447640029906,0.210945378798888
"83","Tamworth Regional","LGA17310",143,119,156,179,182,161,243,282,239,268,328,371,363,421,408,337,360,336,344,53362,53653,53973,54106,54231,54263,54420,55063,56588,56945,57401,57884,58351,58723,59263,59917,60487,60998,61554,0.267980960233874,0.221795612547295,0.289033405591685,0.330832070380364,0.335601408788331,0.296703094189411,0.446527012127894,0.512140638904528,0.422351028486605,0.470629554833611,0.571418616400411,0.640937046506807,0.622097307672533,0.716925225209884,0.688456541180838,0.562444715189345,0.595169209912874,0.550837732384668,0.558858888130747
"84","Temora","LGA17350",13,17,28,27,25,26,23,17,22,18,15,20,19,18,27,24,22,14,27,5871,5890,5910,5929,5949,5969,5988,6008,5977,5959,5936,5951,5953,6009,6068,6117,6190,6236,6258,0.221427354794754,0.288624787775891,0.473773265651438,0.455388767077079,0.420238695579089,0.435583849891104,0.384101536406146,0.282956058588549,0.368077630918521,0.302064104715556,0.252695417789757,0.336077970089061,0.319166806652108,0.299550673989016,0.444957152274225,0.392349190779794,0.355411954765751,0.224502886465683,0.431447746883989
"85","Tenterfield","LGA17400",40,32,33,26,59,56,53,80,66,65,49,50,54,35,52,56,51,46,36,6828,6792,6897,6893,6825,6799,6822,6909,6837,6898,6961,6983,7024,6922,6824,6755,6694,6667,6629,0.585823081429408,0.471142520612485,0.478468899521531,0.377194255041346,0.864468864468865,0.823650536843653,0.776898270301964,1.15790997249964,0.965335673541027,0.942302116555523,0.703921850308864,0.716024631247315,0.76879271070615,0.505634209765964,0.762016412661196,0.829015544041451,0.761876307140723,0.689965501724914,0.543068336098959
"86","The Hills Shire","LGA17420",105,121,140,203,229,225,250,276,323,319,322,284,262,262,267,266,227,207,216,120627,122714,124836,126996,129193,131428,133702,136015,138034,141230,144388,146247,147779,149906,152307,155205,158719,162539,167296,0.0870451888880599,0.0986032563521685,0.112147137043801,0.159847554253677,0.177254185598291,0.171196396506072,0.186982992027045,0.20291879572106,0.234000318762044,0.225872689938398,0.22301022245616,0.194192017614037,0.177291766759824,0.174776193080997,0.175303827138608,0.171386231113688,0.143020054309818,0.127354050412516,0.12911247130834
"87","Tweed","LGA17550",154,133,143,208,207,229,230,270,254,274,290,274,254,289,337,408,329,289,291,70764,73025,74577,76158,78195,79785,80625,81886,84126,85965,87356,88063,88463,89242,90143,91029,92109,93458,94547,0.217624780962071,0.182129407737076,0.191748126097859,0.273116415872266,0.264722808363706,0.287021369931691,0.285271317829457,0.32972669320763,0.301928060290517,0.318734368638399,0.331974907275974,0.311140887773526,0.287125690966845,0.323838551354743,0.373850437637975,0.448208812576212,0.357185508473656,0.309229814462111,0.307783430463156
"88","Upper Hunter Shire","LGA17620",22,22,24,38,31,33,29,13,27,25,34,34,36,27,27,24,27,37,27,13560,13584,13538,13529,13458,13372,13452,13552,13573,13777,13930,14037,14206,14406,14545,14557,14476,14409,14316,0.162241887905605,0.161955241460542,0.177278770867189,0.280878113681721,0.230346262446129,0.246784325456177,0.215581326196848,0.095926800472255,0.198924335076991,0.181461856717718,0.244077530509691,0.242216997934032,0.253414050401239,0.187421907538526,0.18563080096253,0.164869135123995,0.186515612047527,0.256783954472899,0.188600167644593
"89","Upper Lachlan Shire","LGA17640",9,10,11,13,22,18,9,7,14,8,10,9,12,8,15,16,14,19,8,7257,7167,7271,7279,7292,7321,7322,7405,7353,7378,7399,7392,7378,7570,7591,7720,7799,7841,7895,0.124018189334436,0.139528394028185,0.151285930408472,0.178595960983652,0.301700493691717,0.24586805081273,0.122917235727943,0.0945307224848076,0.190398476812185,0.108430468961778,0.135153399107988,0.121753246753247,0.162645703442667,0.105680317040951,0.197602423923067,0.207253886010363,0.179510193614566,0.24231603111848,0.101329955668144
"90","Uralla","LGA17650",16,18,25,15,19,18,16,28,12,16,12,14,32,17,16,21,8,22,21,6015,6019,6099,6076,6021,6031,6070,6126,6028,6084,6196,6228,6260,6247,6260,6248,6208,6159,6115,0.266001662510391,0.299052998837016,0.409903262829972,0.246872942725477,0.315562198970271,0.298457967169624,0.263591433278418,0.457068233757754,0.19907100199071,0.262984878369494,0.193673337637185,0.224791265253693,0.511182108626198,0.272130622698895,0.255591054313099,0.336107554417414,0.128865979381443,0.357200844292905,0.343417825020442
"91","Wagga Wagga","LGA17750",247,263,352,362,304,294,260,220,281,259,293,236,258,315,349,305,325,399,376,56833,56674,56722,57078,57205,57467,58009,58802,60321,61024,61436,61489,61509,62163,62509,62924,63520,64085,64416,0.434606654584484,0.464057592546847,0.620570501745355,0.634219839517853,0.531422078489643,0.511597960568674,0.448206312813529,0.374136934117887,0.465841083536414,0.424423177766125,0.47691907025197,0.383808486070679,0.419450812076281,0.506732300564645,0.558319601977315,0.484711715720552,0.511649874055416,0.622610595303113,0.583705911574764
"92","Walcha","LGA17850",25,26,12,20,9,6,14,13,12,6,11,8,11,9,12,6,8,9,9,3287,3285,3307,3295,3285,3256,3280,3307,3262,3215,3185,3166,3122,3147,3157,3159,3142,3144,3157,0.76057195010648,0.791476407914764,0.362866646507409,0.606980273141123,0.273972602739726,0.184275184275184,0.426829268292683,0.393105533716359,0.367872470876763,0.186625194401244,0.345368916797488,0.252684775742262,0.352338244714926,0.285986653956149,0.380107697180868,0.189933523266857,0.254614894971356,0.286259541984733,0.285080772885651
"93","Walgett","LGA17900",183,188,219,195,172,275,231,240,177,165,194,214,179,199,219,171,178,117,146,7692,7609,7527,7445,7365,7286,7207,7129,6979,6883,6914,6908,6797,6715,6618,6547,6465,6369,6231,2.37909516380655,2.47075831252464,2.90952570745317,2.61920752182673,2.33536999321113,3.77436178973374,3.20521714999306,3.36653107027634,2.53617996847686,2.39721051866919,2.80590107029216,3.09785755645628,2.63351478593497,2.96351451973194,3.30915684496827,2.61188330533069,2.75328692962104,1.8370230805464,2.34312309420639
"94","Warrumbungle Shire","LGA18020",28,27,44,42,28,33,51,38,64,51,45,49,60,55,50,48,45,49,50,10860,10788,10849,10768,10660,10534,10500,10466,10068,10092,10092,10015,9927,9849,9738,9682,9613,9541,9421,0.257826887661142,0.25027808676307,0.405567333394783,0.390044576523031,0.26266416510319,0.313271311942282,0.485714285714286,0.363080450984139,0.635677393722686,0.505350772889417,0.44589774078478,0.489266100848727,0.604412209126624,0.558432328155143,0.513452454302732,0.495765337740136,0.468116092791012,0.513573000733676,0.530729221950961
"95","Waverley","LGA18050",109,97,125,164,161,135,141,141,171,155,139,144,134,116,149,144,200,170,154,63964,63503,63241,62823,62246,61999,61884,62194,65511,66474,67274,67959,68567,69338,70108,70835,71465,72106,73176,0.170408354699518,0.152748689038313,0.197656583545485,0.261050889005619,0.258651158307361,0.217745447507218,0.227845646693814,0.226709972023025,0.261024866053029,0.2331738724915,0.206617712637869,0.211892464574229,0.195429288141526,0.167296431970925,0.212529240600217,0.203289334368603,0.279857272790877,0.235764014090367,0.210451514157647
"96","Weddin","LGA18100",9,14,15,11,9,8,4,17,10,13,1,7,8,5,8,9,10,9,13,3853,3820,3857,3845,3812,3817,3845,3847,3765,3744,3720,3721,3734,3742,3730,3717,3703,3692,3662,0.233584220088243,0.366492146596859,0.388903292714545,0.286085825747724,0.236096537250787,0.209588682211161,0.104031209362809,0.441902781388095,0.265604249667995,0.347222222222222,0.0268817204301075,0.188121472722386,0.214247455811462,0.133618385889898,0.214477211796247,0.242130750605327,0.270051309748852,0.243770314192849,0.354997269251775
"97","Wentworth","LGA18200",62,114,88,95,89,68,76,67,90,69,91,74,66,75,68,73,66,58,59,7172,7173,7214,7211,7213,7225,7294,7405,7082,7080,6952,6885,6787,6847,6845,6874,6886,6920,6955,0.864472950362521,1.58929318276872,1.21985029110064,1.31743170156705,1.23388326632469,0.941176470588235,1.04195228955306,0.904794058068872,1.27082744987292,0.974576271186441,1.30897583429229,1.07480029048657,0.972447325769854,1.09537023513948,0.993425858290723,1.06197265056736,0.958466453674121,0.838150289017341,0.848310567936736
"98","Willoughby","LGA18250",30,73,64,95,80,106,80,71,81,49,53,59,65,86,87,70,89,73,76,59112,60031,61795,62869,63126,63805,64555,65029,68147,68657,69759,70623,71637,72173,73151,74365,76135,78017,79574,0.0507511165245635,0.121603838017025,0.103568249858403,0.151107859199287,0.126730665652821,0.166131180941932,0.123925334985671,0.109182057236002,0.118860698196546,0.0713692704312743,0.0759758597456959,0.0835421888053467,0.0907352345854796,0.1191581339282,0.11893207201542,0.0941303032340483,0.116897616076706,0.093569350269813,0.0955085832055697
"99","Wingecarribee","LGA18350",103,91,92,94,118,122,152,123,131,113,120,108,116,112,124,131,124,125,103,40631,41900,42740,43476,43922,44242,44511,44912,44725,45113,45556,45865,46042,46497,47008,47544,48247,49070,49710,0.25350102138761,0.217183770883055,0.215255030416472,0.216211242984635,0.268658075679614,0.275756068893811,0.341488620790366,0.27386889918062,0.292901062045836,0.25048212266974,0.263412064272544,0.235473672735201,0.251943877329395,0.240875755425081,0.263784887678693,0.275534241965337,0.257010798598877,0.254738129203179,0.207201770267552
"100","Wollondilly","LGA18400",107,87,96,80,94,118,95,129,125,138,144,163,153,139,172,145,183,185,164,36806,37589,38424,38944,39815,40598,41303,41977,41695,42334,42990,43644,44403,45434,46372,47411,48510,49742,50877,0.290713470629789,0.231450690361542,0.249843847595253,0.205423171733772,0.236091925153836,0.290654712054781,0.230007505508074,0.30731114658027,0.299796138625735,0.32597911843908,0.334961618981158,0.373476308312712,0.344571312749139,0.305938284104415,0.370913482273786,0.305836198350594,0.377241805813234,0.371919102569257,0.322346050278122
"101","Wollongong","LGA18450",501,651,858,744,832,763,730,729,728,683,696,622,645,681,738,776,720,792,653,186575,187816,189776,191074,191467,191459,191633,192131,195664,197790,199246,200594,201215,203283,205100,207036,209123,211201,213841,0.268524721961678,0.346615836776419,0.452111963578113,0.389377937343647,0.434539633461641,0.398518742916238,0.380936477537794,0.379428619015151,0.372066399542072,0.345315738915011,0.349316924806521,0.310079065176426,0.320552642695624,0.335000959253848,0.359824475865432,0.374814042002357,0.344294984291541,0.374998224440225,0.305367071796335
"102","Woollahra","LGA18500",50,65,75,75,52,70,67,71,68,87,80,82,67,74,78,95,90,89,93,52768,52860,53002,53108,53295,53012,52791,53033,53768,54122,54835,55487,56324,56733,57145,57619,57995,58290,58883,0.0947543966040024,0.122966326144533,0.141504094185125,0.141221661519922,0.0975701285298809,0.132045574586886,0.1269155727302,0.133878905587087,0.126469275405446,0.160747939839622,0.145892222120908,0.147782363436481,0.118954619700305,0.130435548975023,0.136494881441946,0.164876169319148,0.15518579187861,0.152684851604049,0.15794032233412
"103","Yass Valley","LGA18710",19,23,35,46,46,36,19,29,40,27,28,27,30,31,36,39,24,34,26,11537,11767,12103,12341,12630,12818,12905,13075,14114,14467,14799,15205,15516,15826,16040,16234,16418,16628,16802,0.164687527086764,0.195461884932438,0.289184499710816,0.372741268940929,0.364212193190815,0.280855047589328,0.147229755908563,0.221797323135755,0.283406546691229,0.186631644432156,0.189201973106291,0.177573166721473,0.193348801237432,0.19588019714394,0.224438902743142,0.240236540593815,0.146181020830795,0.204474380562906,0.1547434829187
"104","Canterbury-Bankstown (A)","LGA11570",584,674,878,794,851,783,849,916,983,950,1019,1111,1211,1215,1310,1408,1401,1346,1259,306108,306809,309486,309880,309867,309942,311838,315688,317132,322334,327205,331415,335388,340522,345748,351013,356386,361551,367519,0.190782338259699,0.21968064822088,0.283696193042658,0.256228217374468,0.274633955858481,0.252627911028515,0.272256748696439,0.290159904716049,0.309965566388759,0.294725347000316,0.311425558900384,0.335229244300952,0.361074337781912,0.356805140343355,0.378888670361072,0.401124744667576,0.393113085250262,0.372284961181134,0.342567323049965
"105","Central Coast (C) (NSW)","LGA11650",743,991,1162,1192,1331,1300,1266,1293,1342,1265,1296,1222,1118,1192,1178,1258,1429,1759,1640,285249,290914,296258,300116,302608,304130,305660,307766,307205,311981,315804,319229,321685,325022,327336,329815,332491,335309,337765,0.260474182205722,0.340650501522787,0.392225695171101,0.397179757160565,0.439842965156242,0.427448788347088,0.414185696525551,0.42012438021094,0.436841848277209,0.405473410239726,0.410381122468366,0.382797302250109,0.34754495857749,0.366744404994123,0.359874868636508,0.381425950911875,0.429786069397367,0.524590750621069,0.485544683433748
"106","Western Plains Regional (A)","LGA18230",199,260,261,445,543,457,403,376,371,339,335,388,398,389,399,427,416,404,346,46602,47111,47555,47619,47617,47670,47797,48118,48108,48667,49228,49422,49428,49419,49785,50370,50908,51429,52084,0.427020299557959,0.551888094075694,0.548838187362002,0.934500934500935,1.14034903500851,0.958674218586113,0.843149151620394,0.781412361278524,0.771181508273052,0.696570571434442,0.680507028520354,0.785075472461657,0.805211620943595,0.787146644003319,0.801446218740584,0.847726821520746,0.817160367722165,0.785549009313811,0.664311496812841
"107","Georges River (A)","LGA12930",122,139,206,273,270,389,367,387,351,293,314,357,357,360,388,365,436,442,439,122642,124241,126551,127833,128914,130428,131975,133359,133165,135262,137739,139800,141507,144203,146718,149117,151403,153452,156440,0.0994765251708224,0.111879331299651,0.162780222993102,0.213559878904508,0.209441953550429,0.298248842273132,0.278082970259519,0.290194137628506,0.26358277325123,0.216616640298088,0.22796738759538,0.255364806866953,0.252284339290636,0.249648065574225,0.264452896031843,0.244774237679138,0.287973157731353,0.288037953236191,0.280618767578624
"108","Mid-Coast (A)","LGA15240",267,338,408,414,433,435,437,485,515,505,456,467,444,508,412,435,453,458,405,79860,80768,81866,82927,84221,85428,86396,87127,86600,87063,87558,87993,88530,89372,90034,90622,91237,91958,92569,0.334335086401202,0.418482567353407,0.498375393936433,0.499234266282393,0.514123555882737,0.509200730439669,0.505810454187694,0.556658670676139,0.594688221709007,0.580039741336733,0.520797642705407,0.53072403486641,0.501524906811251,0.568410687911203,0.457604904813737,0.480015890181192,0.496509091706216,0.49805345918789,0.437511477924575
"109","Armidale Regional (A)","LGA10130",127,134,133,140,109,118,109,130,156,151,139,142,175,191,198,195,202,152,183,29365,29374,29282,29264,29110,28992,29041,29227,29080,29471,29723,29737,29813,29848,29993,30105,30217,30311,30552,0.432487655372041,0.456185742493362,0.454203947817772,0.47840349917988,0.37444177258674,0.407008830022075,0.37533142798113,0.444794197146474,0.536451169188446,0.5123680906654,0.467651313797396,0.477519588391566,0.586992251702278,0.639908871616189,0.66015403594172,0.647732934728451,0.668497865439984,0.501468113886048,0.59897879025923
"110","Inner West (A)","LGA14170",454,446,451,528,584,615,560,624,583,504,433,495,577,522,529,469,495,427,428,167404,167368,167720,167512,167313,167278,167501,168446,171318,173721,176317,178759,180823,182278,184704,187135,189540,192030,195113,0.271200210269767,0.266478657807944,0.26890054853327,0.315201299011414,0.349046398068291,0.367651454465022,0.334326362230673,0.370445127815442,0.340302828657818,0.290120365413508,0.245580403477827,0.276909134644969,0.319096575103831,0.2863757557138,0.286404192654193,0.250621209287413,0.261158594491928,0.222361089413113,0.219360063142897
"111","Northern Beaches (A)","LGA15990",282,397,366,474,550,417,400,374,358,347,401,391,494,404,403,393,346,305,356,227157,228681,231230,232401,233185,234221,235958,238291,237721,239438,243574,247098,250402,254385,257456,260421,263503,266344,269378,0.124143213724428,0.173604278449018,0.158283959693811,0.203957814295119,0.235864227973497,0.178036982166415,0.169521694538859,0.156950954924861,0.150596707905486,0.144922693975058,0.164631693037845,0.158236812924427,0.197282769306954,0.158814395502879,0.156531601516376,0.150909488866105,0.131307802947215,0.114513561409305,0.132156300811499
"112","Murray River (A)","LGA15520",21,25,34,16,23,16,16,28,27,20,34,18,30,30,32,33,19,29,14,10778,10891,11085,11213,11320,11423,11556,11820,11290,11347,11368,11309,11239,11391,11526,11659,11777,11887,11960,0.194841343477454,0.229547332659994,0.306720793865584,0.142691518772853,0.203180212014134,0.140068283288103,0.138456213222568,0.236886632825719,0.239149689991143,0.176258041773156,0.2990851513019,0.159165266601822,0.266927662603434,0.263365815117198,0.277633177164671,0.28304314263659,0.161331408677932,0.243963994279465,0.117056856187291
"113","Snowy Valleys (A)","LGA17080",35,70,64,85,93,87,71,95,56,82,50,48,55,52,63,70,78,87,67,15062,15059,15205,15166,15213,14989,14948,15020,14849,14750,14782,14770,14712,14753,14738,14719,14678,14644,14582,0.232372858850086,0.464838302676141,0.420914172969418,0.560464196228406,0.61131926641688,0.580425645473347,0.474979930425475,0.632490013315579,0.37712977304869,0.555932203389831,0.338249222026789,0.32498307379824,0.37384448069603,0.352470683928692,0.427466413353236,0.475575786398533,0.531407548712359,0.594099972685059,0.45947058016733
"114","Queanbeyan-Palerang Regional (A)","LGA16490",147,197,189,149,186,202,192,197,203,165,155,164,199,149,151,123,152,161,132,41389,42770,44643,45795,47069,47581,48545,49665,51764,52784,53602,54310,54661,55498,56075,56776,57446,58128,59136,0.355166831766895,0.460603226560673,0.423358645252335,0.32536303089857,0.395164545667,0.424539206826254,0.395509321248326,0.396657605959932,0.392164438605981,0.312594725674447,0.289168314615126,0.301970171239182,0.364062128391358,0.268478143356517,0.269282211324119,0.216640834155277,0.264596316540751,0.276974951830443,0.223214285714286
